uri,label,category,main_tags,event_tags,architecture_tags
15/01300e3a-9ed0-3102-955f-887d13a13c91,Aire de services municipale,camping,Accommodation;CamperVanArea;CampingAndCaravanning;PlaceOfInterest,"",""
15/02c74295-ac0f-3270-9349-954ab40ecf6d,"Aire d'accueil et de services ""La Guignardière""",camping,Accommodation;CamperVanArea;CampingAndCaravanning;PlaceOfInterest,"",""
15/04d584e4-7ea6-3bd9-831b-654738d76674,Aire de stationnement pour camping-cars - Montlivault,camping,Accommodation;CamperVanArea;CampingAndCaravanning;PlaceOfInterest,"",""
15/31a3f0f5-615b-3a8a-8fab-b97fa9d81b64,Aire de stationnement pour camping-cars -Le Boël,camping,Accommodation;CamperVanArea;CampingAndCaravanning;PlaceOfInterest,"",""
15/35b33fc2-8731-3623-9248-a9749e54f2b4,Aire de stationnement Rue de l'Amiral de Pointis,camping,Accommodation;CamperVanArea;CampingAndCaravanning;PlaceOfInterest,"",""
15/3608855e-cd1c-34fe-9a18-9b1cb2fbf3f4,Aire CAMPING-CAR PARK d'Amboise,camping,Accommodation;CamperVanArea;CampingAndCaravanning;PlaceOfInterest,"",""
15/3d043d7e-075a-3aa3-9ad7-3ec53324bd6a,Aire de stationnement pour camping-cars - rue du Moulin,camping,Accommodation;CamperVanArea;CampingAndCaravanning;PlaceOfInterest,"",""
15/3da6924b-887b-3889-9430-4ac5fbe9604d,Aire de stationnement pour camping-cars - Domaine des Pierrettes,camping,Accommodation;CamperVanArea;CampingAndCaravanning;PlaceOfInterest,"",""
15/415c1c29-361a-3ebd-b6a6-21e3f326661c,Accueil camping-cars - Camping Les Acacias,camping,Accommodation;CamperVanArea;CampingAndCaravanning;PlaceOfInterest,"",""
15/4766fdb7-37a8-320b-8507-b567be169d47,Aire d accueil et de stationnement et de service camping-cars,camping,Accommodation;CamperVanArea;CampingAndCaravanning;PlaceOfInterest,"",""
15/56694810-6295-3f68-8f46-2ed3c83678c6,Aire de stationnement pour camping-cars - Domaine de la Plante d'Or,camping,Accommodation;CamperVanArea;CampingAndCaravanning;PlaceOfInterest,"",""
15/579118a3-aa80-3033-a186-34a6f1f14386,"Aire d'accueil camping-cars ""Le Relais des Berges du Cher"" Azay-sur-Cher",camping,Accommodation;CamperVanArea;CampingAndCaravanning;PlaceOfInterest,"",""
15/5b317cde-e91b-3efa-ab17-11cdca8e65f5,Aire de stationnement pour camping-cars - EARL Badin,camping,Accommodation;CamperVanArea;CampingAndCaravanning;PlaceOfInterest,"",""
15/5ea334d9-cdcd-3850-b8e3-49626b4a3deb,Aire Camping-Car Park de Montrichard,camping,Accommodation;CamperVanArea;CampingAndCaravanning;PlaceOfInterest,"",""
15/5f53ed5b-fe6b-3c18-9459-d5dbe761b98b,Aire camping-car Caves du Père Auguste,camping,Accommodation;CamperVanArea;CampingAndCaravanning;PlaceOfInterest,"",""
15/62fe9a16-0a66-3565-bdc5-0f2594926160,Aire de services pour camping-cars - Rue du Bas Guéret,camping,Accommodation;CamperVanArea;CampingAndCaravanning;PlaceOfInterest,"",""
15/6bc66364-ffad-362f-98ac-04da4ce2b72b,Aire de stationnement pour camping-cars - Domaine de la Doltière,camping,Accommodation;CamperVanArea;CampingAndCaravanning;PlaceOfInterest,"",""
15/6e29df69-5afb-318b-b2bb-a1437ab0a5f5,"Aire CAMPING-CAR PARK de Céré-la-Ronde, les Pins",camping,Accommodation;CamperVanArea;CampingAndCaravanning;PlaceOfInterest,"",""
15/6ea74b38-e7c5-36a4-81f6-70fae7eb9709,Aire de stationnement et de service camping-cars - Le Bourg,camping,Accommodation;CamperVanArea;CampingAndCaravanning;PlaceOfInterest,"",""
15/75246b29-1209-3cc6-8d0c-9b0e0f9243fe,Aire de stationnement pour camping-cars - Domaine Desroches,camping,Accommodation;CamperVanArea;CampingAndCaravanning;PlaceOfInterest,"",""
15/7656a79c-70a6-3509-beed-1627f4e31108,Aire de camping-cars de Saint-Georges-sur-Cher,camping,Accommodation;CamperVanArea;CampingAndCaravanning;PlaceOfInterest,"",""
15/7f99cbd0-4bf9-3c71-86a9-7d10e2d580a5,Aire d'accueil au Clos de l'Epinay,camping,Accommodation;CamperVanArea;CampingAndCaravanning;PlaceOfInterest,"",""
15/83d49113-7952-3ee4-9ff9-9a953773ce96,Stationnement pour camping-cars - Chambord,camping,Accommodation;CamperVanArea;CampingAndCaravanning;PlaceOfInterest,"",""
15/88829b80-6be0-3327-ae08-283eab420490,Aire de services du camping la Citadelle,camping,Accommodation;CamperVanArea;CampingAndCaravanning;PlaceOfInterest,"",""
15/8f6921ab-63ee-3745-ab7a-168184110732,Aire de stationnement et de services,camping,Accommodation;CamperVanArea;CampingAndCaravanning;PlaceOfInterest,"",""
15/97c9c329-3241-3c74-a25f-6bbf7c787196,Aire CAMPING-CAR PARK de Villandry,camping,Accommodation;CamperVanArea;CampingAndCaravanning;PlaceOfInterest,"",""
15/a4e79200-c110-3142-9de9-ab8dbe6a7046,Aire de stationnement pour camping-cars - Domaine du Vivier,camping,Accommodation;CamperVanArea;CampingAndCaravanning;PlaceOfInterest,"",""
15/b053b792-5b3e-37c8-9fa8-a57378bc71d6,Camping de la Touche,camping,Accommodation;CamperVanArea;CampingAndCaravanning;PlaceOfInterest,"",""
15/b5855ce9-0272-3b8a-8060-07ed4ac55fd1,Aire de stationnement et de services pour camping-cars - Place Chéramy,camping,Accommodation;CamperVanArea;CampingAndCaravanning;PlaceOfInterest,"",""
15/b84967a9-cf20-3e34-8eef-28a186c2c121,Aire de stationnement pour camping-cars - Cave Minier,camping,Accommodation;CamperVanArea;CampingAndCaravanning;PlaceOfInterest,"",""
15/bd0fd2a9-387f-3bd9-832f-d0df520b1686,Aire de stationnement et services,camping,Accommodation;CamperVanArea;CampingAndCaravanning;PlaceOfInterest,"",""
15/bd47c96d-3554-3484-aaed-4dd6f7105cbc,Aire Camping-Car Park des Montils,camping,Accommodation;CamperVanArea;CampingAndCaravanning;PlaceOfInterest,"",""
15/bf002842-0993-3105-962c-4386647be45a,Aire de stationnement pour camping-cars - Domaine de la Grange,camping,Accommodation;CamperVanArea;CampingAndCaravanning;PlaceOfInterest,"",""
15/c06d0f44-149c-3d60-bbe9-17bd967cfd0c,Aire de service et de stationnement,camping,Accommodation;CamperVanArea;CampingAndCaravanning;PlaceOfInterest,"",""
15/c19d0372-7a92-3bd8-8a55-807bbf726ea6,Aire d'accueil au coeur du Domaine des Cormiers Roux,camping,Accommodation;CamperVanArea;CampingAndCaravanning;PlaceOfInterest,"",""
15/c24ec1c4-8841-3862-a161-a77410ed22a7,Aire de services,camping,Accommodation;CamperVanArea;CampingAndCaravanning;PlaceOfInterest,"",""
15/ca89ca3f-9ef4-3287-b2f6-b0107be43064,Aire de stationnement - Esplanade des Bas-clos,camping,Accommodation;CamperVanArea;CampingAndCaravanning;PlaceOfInterest,"",""
15/cde021ba-088a-35c7-87fd-c5143e741d1f,Aire de stationnement,camping,Accommodation;CamperVanArea;CampingAndCaravanning;PlaceOfInterest,"",""
15/d12fe1da-4736-37c7-aea7-137ba5866af1,Aire d'accueil camping-cars France Passion au Domaine du Viking à Reugny,camping,Accommodation;CamperVanArea;CampingAndCaravanning;PlaceOfInterest,"",""
15/d3cc527f-6284-37f5-9d68-4ac0415aaa98,Aire de stationnement - Avenue Louis XI,camping,Accommodation;CamperVanArea;CampingAndCaravanning;PlaceOfInterest,"",""
15/dd807f23-7d94-37d9-be50-0aa12c718772,Aire de stationnement de la Ferme des Bournaichères,camping,Accommodation;CamperVanArea;CampingAndCaravanning;PlaceOfInterest,"",""
15/dff7fc32-f276-3d75-b214-4574508fc1e7,Aire de stationnement camping-cars,camping,Accommodation;CamperVanArea;CampingAndCaravanning;PlaceOfInterest,"",""
15/e1154a24-ab4c-306b-a6df-d565c43659c2,Aire de services municipale Avenue Aristide Briand,camping,Accommodation;CamperVanArea;CampingAndCaravanning;PlaceOfInterest,"",""
15/eb395445-8f8d-3897-b832-1c0688b00b07,Aire de service et de stationnement,camping,Accommodation;CamperVanArea;CampingAndCaravanning;PlaceOfInterest,"",""
15/ee044338-d716-3026-9d20-8dc79296c2b1,Aire de stationnement,camping,Accommodation;CamperVanArea;CampingAndCaravanning;PlaceOfInterest,"",""
15/f0beb5bd-66f4-3e0a-a686-7b1626c4fd6d,Aire de stationnement pour camping-cars - Place Michaux,camping,Accommodation;CamperVanArea;CampingAndCaravanning;PlaceOfInterest,"",""
15/f37f4d78-fb77-3035-8569-2c2ccaeb8df2,Borne de camping car (Camping Municipal La Potinière),camping,Accommodation;CamperVanArea;CampingAndCaravanning;PlaceOfInterest,"",""
15/f54e8b48-8800-3211-9e62-ad48a8f03e0e,Aire de stationnement Allée du Maquis Césario,camping,Accommodation;CamperVanArea;CampingAndCaravanning;PlaceOfInterest,"",""
49/31c95123-7b5e-3f09-9f02-6a316ebdd183,CAMPING MUNICIPAL DU VAL DE BRAYE,camping,Accommodation;CamperVanArea;CampingAndCaravanning;PlaceOfInterest,"",""
15/03e10011-1d3b-35ec-bece-ccf16e907c5c,L'Heureux Hasard,camping,Accommodation;Camping;CampingAndCaravanning;PlaceOfInterest,"",""
15/bf19ee3c-26a3-3abf-9f9d-da488a2f3183,La Doulce Terrasse,Resto,BrasserieOrTavern;CafeOrTeahouse;FastFoodRestaurant;FoodEstablishment;PlaceOfInterest;Restaurant,"",""
15/bd3ee383-732f-3913-b163-557bc874150c,Extravagance,Resto,Cabaret;FoodEstablishment;PlaceOfInterest;Restaurant;SportsAndLeisurePlace,"",""
15/6e89327c-a28d-3398-978f-cd4ba3877ba4,Restaurant Le Foyer,Resto,FoodEstablishment;PlaceOfInterest;Restaurant;SelfServiceCafeteria,"",""
15/a18595aa-a87d-336c-87d7-a3b575c764c8,Ecolieu La Cabane,Resto,FastFoodRestaurant;FoodEstablishment;PlaceOfInterest;Restaurant,"",""
15/14622c89-3f1b-39ee-83a5-b92c91a717cc,Brasserie Carpe Diem,Resto,BrasserieOrTavern;FoodEstablishment;PlaceOfInterest;Restaurant,"",""
15/230ae374-c6d9-3df0-a502-430d93a89fb0,Le Denis Papin,Resto,BrasserieOrTavern;FoodEstablishment;PlaceOfInterest;Restaurant,"",""
15/2f9bd198-2343-3bb6-8f27-94f0a5b476b4,Au Bouchon Lyonnais,Resto,BrasserieOrTavern;FoodEstablishment;PlaceOfInterest;Restaurant,"",""
15/48e18eb4-0fda-363f-8995-617a572156ec,Le Bistrot de la Tranchée,Resto,BrasserieOrTavern;FoodEstablishment;PlaceOfInterest;Restaurant,"",""
15/49dd5dc7-4712-344d-b8f7-1a596e4872fa,Bistro Rossini,Resto,BrasserieOrTavern;FoodEstablishment;PlaceOfInterest;Restaurant,"",""
15/529f48c0-4d70-3c8a-8362-e0044df14e36,La TAVERNE / Les Relais d'Alsace- Chambray-lès-Tours,Resto,BrasserieOrTavern;FoodEstablishment;PlaceOfInterest;Restaurant,"",""
15/6afc9849-dcc3-3f94-9c4b-99b81ad5f515,L'Ambacia,Resto,BrasserieOrTavern;FoodEstablishment;PlaceOfInterest;Restaurant,"",""
15/6b8edcb8-2067-3a24-9756-7be256048d5a,L'Essentiel,Resto,BrasserieOrTavern;FoodEstablishment;PlaceOfInterest;Restaurant,"",""
15/898f92dd-f805-353d-a89b-3026f4ff2e6e,Le Cubrik,Resto,BrasserieOrTavern;FoodEstablishment;PlaceOfInterest;Restaurant,"",""
15/b0ebb797-e8f6-3d0e-af41-6c9513cf3851,Les Arts,Resto,BrasserieOrTavern;FoodEstablishment;PlaceOfInterest;Restaurant,"",""
15/d9bb2d32-8619-3369-a203-70016c19dd2a,Brasserie de l'Ile d'Or,Resto,BrasserieOrTavern;FoodEstablishment;PlaceOfInterest;Restaurant,"",""
15/e320bdba-0820-3946-b6e3-4ea38be5e1ac,La Chope,Resto,BrasserieOrTavern;FoodEstablishment;PlaceOfInterest;Restaurant,"",""
49/5982909a-7a65-3e33-8a67-8f3cac68db34,RESTAURANT LE RELAIS DE RONSARD-HOTEL DE FRANCE,Resto,FoodEstablishment;GourmetRestaurant;PlaceOfInterest;Restaurant,"",""
49/ac85b990-698c-31be-a928-17536310617f,BRASSERIE DE L'HOTEL DE FRANCE,Resto,BrasserieOrTavern;FoodEstablishment;PlaceOfInterest;Restaurant,"",""
49/bab08cad-aa7e-32e0-9d6e-2b814d5e270c,RESTAURANT CAFE DES ARTS,Resto,BrasserieOrTavern;FoodEstablishment;PlaceOfInterest;Restaurant,"",""
15/06d75d67-225c-32c4-bbff-db604fe32677,Closerie du Tilleul,Resto,CafeOrTeahouse;FoodEstablishment;PlaceOfInterest;Restaurant,"",""
15/722945b7-0e1e-31fa-97be-909cdb21192d,La Table du Roy,Resto,CafeOrTeahouse;FoodEstablishment;PlaceOfInterest;Restaurant,"",""
15/7cae8670-1c09-3dc5-8d97-256c4eaa48b5,L'Herbe Rouge,Resto,CafeOrTeahouse;FoodEstablishment;PlaceOfInterest;Restaurant,"",""
15/22846efb-4bc5-35f4-a60b-69a8f6061f2e,Restaurant Le Clos des Sureaux,Resto,FarmhouseInn;FoodEstablishment;PlaceOfInterest;Restaurant,"",""
15/27e3b16c-7ee8-39b6-822d-159f1ccaa5ac,Ferme Auberge de la Lionnière,Resto,FarmhouseInn;FoodEstablishment;PlaceOfInterest;Restaurant,"",""
15/f2c09891-abcf-3e5e-87b7-c66bcab262eb,Ferme Auberge Earl Poulas,Resto,FarmhouseInn;FoodEstablishment;PlaceOfInterest;Restaurant,"",""
15/005cab6f-adfb-3304-936e-811b027a1f68,Le Bistrot du Cuisinier,Resto,FoodEstablishment;PlaceOfInterest;Restaurant,"",""
15/0881f7bd-6741-352c-ae78-50aa7bfd70d8,Les Closeaux,Resto,FoodEstablishment;PlaceOfInterest;Restaurant,"",""
15/0a79dd31-df55-34e5-9f53-7c5f28fbc016,Au Martin Bleu,Resto,FoodEstablishment;PlaceOfInterest;Restaurant,"",""
15/143ce7e9-7776-35a0-bf79-c14155a31006,Le Moulin Fleuri,Resto,FoodEstablishment;PlaceOfInterest;Restaurant,"",""
15/16b2b535-a52d-391b-bbf6-f143d1c444e0,Auberge du Mail,Resto,FoodEstablishment;PlaceOfInterest;Restaurant,"",""
15/16c024c5-f2d0-3c4c-a252-5d5d42df98f5,Bergeries de Sologne,Resto,FoodEstablishment;PlaceOfInterest;Restaurant,"",""
15/1836affd-7699-3c8d-8445-e749507bddfc,Le Mange Grenouille,Resto,FoodEstablishment;PlaceOfInterest;Restaurant,"",""
15/1a775183-1514-3f53-ac86-54597a2f2225,Le Val Joli,Resto,FoodEstablishment;PlaceOfInterest;Restaurant,"",""
15/1deef71f-6c5e-3454-8c72-b7556159e10c,Auberge de la Croix Blanche,Resto,FoodEstablishment;PlaceOfInterest;Restaurant,"",""
15/1f32eb35-5129-31c6-be9a-f9587f33aa2e,Le Crêpiot,Resto,FoodEstablishment;PlaceOfInterest;Restaurant,"",""
15/21481d94-81c3-32e1-9ebf-5f67da4abc32,Le Malu,Resto,FoodEstablishment;PlaceOfInterest;Restaurant,"",""
15/215ef3e4-0709-3498-a6c6-dbfb6c03c5c7,Relais le Loir à Vélo,Resto,FoodEstablishment;PlaceOfInterest;Restaurant,"",""
15/28f07669-5590-390c-8e01-97024fb2b52f,Auberge du Bon Terroir,Resto,FoodEstablishment;PlaceOfInterest;Restaurant,"",""
15/29977f56-d995-328f-9ed4-4248a2b58544,Le Triboulet,Resto,FoodEstablishment;PlaceOfInterest;Restaurant,"",""
15/2f25ce22-7d4b-39b2-8dbe-66766460b822,L'Arche de Meslay,Resto,FoodEstablishment;PlaceOfInterest;Restaurant,"",""
15/321ed16e-7c1b-327c-82c6-a9a7bbf0d73e,Les Gueules Noires,Resto,FoodEstablishment;PlaceOfInterest;Restaurant,"",""
15/35682c2b-cbb6-3ea9-9916-e31b454212e6,Au Rendez-Vous des Pêcheurs,Resto,FoodEstablishment;PlaceOfInterest;Restaurant,"",""
15/37a5f4e5-30fa-38c1-9063-1a53c7c632ec,PERTICA,Resto,FoodEstablishment;PlaceOfInterest;Restaurant,"",""
15/386f0cc4-9222-3bad-8c49-a52c61da839c,Le Thélème,Resto,FoodEstablishment;PlaceOfInterest;Restaurant,"",""
15/3c1396af-1df2-34b9-bf9c-cb88424f8cf5,Le Manoir de Saint-Quentin,Resto,FoodEstablishment;PlaceOfInterest;Restaurant,"",""
15/3d2ff643-6999-3492-a734-21a66de439df,La Halte Forestière,Resto,FoodEstablishment;PlaceOfInterest;Restaurant,"",""
15/3e5ac942-ddc3-31c8-a591-18434b8a8d17,Le Patio,Resto,FoodEstablishment;PlaceOfInterest;Restaurant,"",""
15/3f2675be-25e7-3955-bf41-a5857ea16106,Grill restaurant les 2 caves,Resto,FoodEstablishment;PlaceOfInterest;Restaurant,"",""
15/429fc5da-679d-3263-9b78-abddde0285c4,La Cave,Resto,FoodEstablishment;PlaceOfInterest;Restaurant,"",""
15/437b456c-c341-3613-aba2-c17c4a1d179b,Restaurant Graines de Loire,Resto,FoodEstablishment;PlaceOfInterest;Restaurant,"",""
15/a9bd807d-4c44-3366-8a92-c341ec1bf82d,Cave des Vignerons de Montlouis-sur-Loire,tasting,PlaceOfInterest;ProducersGroup;TastingProvider;WineCellar,Practice;Product;Tasting,""
15/005e849b-8b9f-3815-98ac-168d6776057a,Cellier du Beaujardin,tasting,Cooperative;PlaceOfInterest;TastingProvider;WineCellar,Practice;Product;Tasting,""
15/0df5d812-bd6c-33ec-9ef8-186828cbb975,Cave de Vouvray,tasting,Cooperative;PlaceOfInterest;TastingProvider;WineCellar,Practice;Product;Tasting,""
15/15deca44-0515-3c61-b342-7802f5165bbe,La cave de Valençay,tasting,Cooperative;PlaceOfInterest;TastingProvider;WineCellar,Practice;Product;Tasting,""
15/b75dee8e-1d08-3677-a494-a999e4979fc3,Cave coopérative Les Vignerons de Mont-près-Chambord,tasting,Cooperative;PlaceOfInterest;TastingProvider;WineCellar,Practice;Product;Tasting,""
15/ef5d9131-30c3-3544-8d47-37ed330614d0,Cave des Producteurs Montlouis-sur-Loire,tasting,Cooperative;PlaceOfInterest;TastingProvider;WineCellar,Practice;Product;Tasting,""
15/ef839a30-9630-3f44-9424-e1463514a468,Cave Coopérative du Vendômois,tasting,Cooperative;PlaceOfInterest;TastingProvider;WineCellar,Practice;Product;Tasting,""
15/0271dda8-03f9-31af-a3ed-ea79a637f0a5,André Fouassier,tasting,PlaceOfInterest;Producer;TastingProvider;WineCellar,Practice;Product;Tasting,""
15/0505ed10-e9e4-3b8b-ac4f-06ff24354fec,Philippe Catroux - Caves de Moncé,tasting,PlaceOfInterest;Producer;TastingProvider;WineCellar,Practice;Product;Tasting,""
15/0587b9a8-f1e6-3937-ac68-27b5599bff01,Divin Loire,tasting,PlaceOfInterest;Producer;TastingProvider;WineCellar,Practice;Product;Tasting,""
15/06b38776-8929-3e13-ac8f-9a7e9226bf58,Domaine Nicolas Brunet,tasting,PlaceOfInterest;Producer;TastingProvider;WineCellar,Practice;Product;Tasting,""
15/09a58710-f27c-3d2a-bf5b-44b6cabfe01d,Domaine de Montcy,tasting,PlaceOfInterest;Producer;TastingProvider;WineCellar,Practice;Product;Tasting,""
15/09e68e54-661e-30f0-835b-2892c9c24e6d,Domaine de la Chapinière,tasting,PlaceOfInterest;Producer;TastingProvider;WineCellar,Practice;Product;Tasting,""
15/0b9b3682-6af2-3062-9a73-51ca3fc929cf,Domaine Sylvain Gaudron,tasting,PlaceOfInterest;Producer;TastingProvider;WineCellar,Practice;Product;Tasting,""
15/0e99c8e8-175f-3ea4-ba38-77267c63025b,Domaine Nicolas Paget,tasting,PlaceOfInterest;Producer;TastingProvider;WineCellar,Practice;Product;Tasting,""
15/1074a1fd-fda9-302c-8134-0eacd1e7e5e7,Vignoble Lacour,tasting,PlaceOfInterest;Producer;TastingProvider;WineCellar,Practice;Product;Tasting,""
15/123d5e31-fea2-3207-b74b-7f2b77675e5a,Alain Joulin et Fils,tasting,PlaceOfInterest;Producer;TastingProvider;WineCellar,Practice;Product;Tasting,""
15/129e3671-5fed-3edd-b184-3679f4ccdcee,Caves du Père Auguste,tasting,PlaceOfInterest;Producer;TastingProvider;WineCellar,Practice;Product;Tasting,""
15/13179775-07c2-31b4-906c-b30b689928c5,Château de Nitray,tasting,PlaceOfInterest;Producer;TastingProvider;WineCellar,Practice;Product;Tasting,""
15/131c2fd4-5f22-364b-baeb-50c5d7c2aed1,Domaine de la Grange,tasting,PlaceOfInterest;Producer;TastingProvider;WineCellar,Practice;Product;Tasting,""
15/1443935c-e2bb-351a-9be5-0901bd7ad67f,Caves Oudart,tasting,PlaceOfInterest;Producer;TastingProvider;WineCellar,Practice;Product;Tasting,""
15/17d39239-08e5-3edf-bd69-50d3b81a419d,Domaine Malet Frères,tasting,PlaceOfInterest;Producer;TastingProvider;WineCellar,Practice;Product;Tasting,""
15/18995040-f2d9-3662-9468-4ae975a9b063,La Closerie de Chanteloup,tasting,PlaceOfInterest;Producer;TastingProvider;WineCellar,Practice;Product;Tasting,""
15/1943d497-cf0c-306e-8ef9-31660d28681e,Domaine des Huards,tasting,PlaceOfInterest;Producer;TastingProvider;WineCellar,Practice;Product;Tasting,""
15/1fa68336-c122-304d-957c-1070720fe9cf,Domaine de la Croix Mélier,tasting,PlaceOfInterest;Producer;TastingProvider;WineCellar,Practice;Product;Tasting,""
15/21e7a4cb-e6a7-36aa-b46f-55505f8650f7,Vignoble EARL Jean-François Roy,tasting,PlaceOfInterest;Producer;TastingProvider;WineCellar,Practice;Product;Tasting,""
15/22fce1c7-64f8-3712-9f2d-c8f444db7bea,Domaine Vigneau-Chevreau,tasting,PlaceOfInterest;Producer;TastingProvider;WineCellar,Practice;Product;Tasting,""
15/28ba0f18-9083-39b8-ab24-49b6e2766ef4,Carême Vincent,tasting,PlaceOfInterest;Producer;TastingProvider;WineCellar,Practice;Product;Tasting,""
15/29eca987-3360-3a5e-a33c-f8bbcc2358cc,Les Pierres d'Aurèle,tasting,PlaceOfInterest;Producer;TastingProvider;WineCellar,Practice;Product;Tasting,""
15/2afe8f65-5d16-378e-aeed-49620da3d2c3,Domaine Cocteaux Amélie et Franck,tasting,PlaceOfInterest;Producer;TastingProvider;WineCellar,Practice;Product;Tasting,""
15/3856a259-cd12-3ba5-90a9-9bc96b05fb16,Domaine du Clos de l'Épinay,tasting,PlaceOfInterest;Producer;TastingProvider;WineCellar,Practice;Product;Tasting,""
15/3c9d7d48-bb63-338a-b6a3-0aafb6a5c2f2,Earl Paris-Simoneau,tasting,PlaceOfInterest;Producer;TastingProvider;WineCellar,Practice;Product;Tasting,""
15/44ab508f-97b8-3f91-932b-60691255db59,Domaine de la Cour Carrée,tasting,PlaceOfInterest;Producer;TastingProvider;WineCellar,Practice;Product;Tasting,""
15/4e23b921-6439-3ed0-8fb6-bc7048775ca1,Plou et Fils,tasting,PlaceOfInterest;Producer;TastingProvider;WineCellar,Practice;Product;Tasting,""
15/520bfbc0-099a-3f15-8b59-d6770da011f6,Domaine Les Lutinières - J-C DARDEAU,tasting,PlaceOfInterest;Producer;TastingProvider;WineCellar,Practice;Product;Tasting,""
15/571c77b2-1402-30c9-bb54-a2c93aa7421e,Cave de l'Aubras (EARL Badin),tasting,PlaceOfInterest;Producer;TastingProvider;WineCellar,Practice;Product;Tasting,""
15/58a6aebf-4088-3419-8318-25a2df3724d9,Caves Cathelineau,tasting,PlaceOfInterest;Producer;TastingProvider;WineCellar,Practice;Product;Tasting,""
15/5ab4ecb4-53b9-3d62-8d9b-7acb88f28d52,Domaine Le PIGEONNIER,tasting,PlaceOfInterest;Producer;TastingProvider;WineCellar,Practice;Product;Tasting,""
15/5bcc2b62-69f7-3529-b2b3-2795f5379fdf,Le Domaine de la Gabillière,tasting,PlaceOfInterest;Producer;TastingProvider;WineCellar,Practice;Product;Tasting,""
15/602af94a-b101-366b-b14b-4b6e83bd2b4b,Domaine Sauvète,tasting,PlaceOfInterest;Producer;TastingProvider;WineCellar,Practice;Product;Tasting,""
15/70b34c37-115a-3f84-8547-61025eb1eeaa,Bonnigal Bodet Vignerons,tasting,PlaceOfInterest;Producer;TastingProvider;WineCellar,Practice;Product;Tasting,""
15/75925ae4-bed0-3d65-9b7a-4f4aadb04b8c,GIE MONCONTOUR -VIGNOBLES FERAY,tasting,PlaceOfInterest;Producer;TastingProvider;WineCellar,Practice;Product;Tasting,""
15/77d01494-2a95-3c11-9077-66a915aa85ea,Domaine du Chapitre,tasting,PlaceOfInterest;Producer;TastingProvider;WineCellar,Practice;Product;Tasting,""
15/786bf691-03d4-304d-bb6f-06bbbe4fc469,EARL Damien PINON,tasting,PlaceOfInterest;Producer;TastingProvider;WineCellar,Practice;Product;Tasting,""
15/794a99cb-0f95-3ea4-9f32-a260ddbbf3da,Domaine Le Capitaine,tasting,PlaceOfInterest;Producer;TastingProvider;WineCellar,Practice;Product;Tasting,""
15/7c591ead-9941-312c-a740-d52957bf2fef,Domaine de Montoray,tasting,PlaceOfInterest;Producer;TastingProvider;WineCellar,Practice;Product;Tasting,""
15/8dd97fd2-0c07-313f-b108-6caab8315d9e,Domaine des Roy,tasting,PlaceOfInterest;Producer;TastingProvider;WineCellar,Practice;Product;Tasting,""
15/8e0e9df8-9ab5-32fb-9a0d-68b25f6d1a7e,Château de l'Aulée,tasting,PlaceOfInterest;Producer;TastingProvider;WineCellar,Practice;Product;Tasting,""
15/91d31f8f-1c2f-3a45-bb89-abe0bcfca4a0,Domaine de Patagon,tasting,PlaceOfInterest;Producer;TastingProvider;WineCellar,Practice;Product;Tasting,""
15/929a3458-264f-3a28-8e84-4719a1a9e397,Xavier Frissant,tasting,PlaceOfInterest;Producer;TastingProvider;WineCellar,Practice;Product;Tasting,""
15/fdbc0367-0078-3b9e-a484-c0a5b2786d53,Cathédrale Saint-Gatien,act,Cathedral;Cloister;CulturalSite;PlaceOfInterest;ReligiousSite;RemarkableBuilding;TechnicalHeritage;Tower,"",""
15/260c3fc8-b522-37b9-b612-3641d889727d,Gîte d'étape de la Métairie,act,Accommodation;CollectiveAccommodation;GroupLodging;HolidayCentre;PlaceOfInterest;StopOverOrGroupLodge,"",""
15/15a636ea-62d3-3c6b-9b60-669b04648353,GITE D'ETAPE COMMUNAL - LE PRESBYTERE,act,Accommodation;CollectiveAccommodation;GroupLodging;PlaceOfInterest;StopOverOrGroupLodge,"",""
15/2fb4bb18-b554-3f95-9cc7-c8689b200693,Résidence Valoria,act,Accommodation;CollectiveAccommodation;PlaceOfInterest;YouthHostelAndInternationalCenter,"",""
15/568bfdc8-723c-321a-89fc-4fc629d20e4f,Ethic Etapes Ile d'Or Amboise,act,Accommodation;CollectiveAccommodation;PlaceOfInterest;YouthHostelAndInternationalCenter,"",""
15/8cc31a7c-814f-3acb-9c87-08b054027d48,Centre de séjour AVAC environnement,act,Accommodation;CollectiveAccommodation;PlaceOfInterest;YouthHostelAndInternationalCenter,"",""
15/a0433980-87b4-3c46-951d-9854cae8230c,Auberge de Jeunesse de Vendôme,act,Accommodation;CollectiveAccommodation;PlaceOfInterest;YouthHostelAndInternationalCenter,"",""
15/a36e8bac-6726-3ce9-a9c3-8765ed032d5e,Auberge de Jeunesse - Centre Régional Jeunesse et Sport de Blois,act,Accommodation;CollectiveAccommodation;PlaceOfInterest;YouthHostelAndInternationalCenter,"",""
15/c04cac90-abaa-3c23-9591-c6d3717262f9,Centre de Séjour de Saint-Aignan,act,Accommodation;CollectiveAccommodation;PlaceOfInterest;YouthHostelAndInternationalCenter,"",""
15/c5fca6d7-2add-362b-9e9b-35eb57f41664,"Gîte d'étape et de séjour - ""Le Cabras""",act,Accommodation;CollectiveAccommodation;GroupLodging;PlaceOfInterest;StopOverOrGroupLodge,"",""
15/e9f45424-9c1b-36de-9fd0-84a76561363f,Ethic Etapes Val de Loire,act,Accommodation;CollectiveAccommodation;PlaceOfInterest;YouthHostelAndInternationalCenter,"",""
15/24b49461-1972-3a6c-bedd-8e8872d0c18c,Office de Tourisme de Vendôme,act,IncomingTravelAgency;LocalTouristOffice;PlaceOfInterest;TouristInformationCenter,"",""
15/4bec64dd-bbc5-3c10-9023-1c3da9a65fb8,Office de Tourisme Amboise Val de Loire,act,IncomingTravelAgency;LocalTouristOffice;PlaceOfInterest;TouristInformationCenter,"",""
15/64969ae3-79d5-3e05-aa91-611c3dbd50de,Sud Val de Loire tourisme,act,IncomingTravelAgency;LocalTouristOffice;PlaceOfInterest;TouristInformationCenter,"",""
15/69aa2a62-3bc7-3001-9a4a-43c8bc2a830f,Centre d'hébergement municipal Maurice Aquilon,act,Accommodation;CollectiveAccommodation;GroupLodging;HolidayCentre;PlaceOfInterest,"",""
15/8a096c91-b471-386d-8bfd-61258ece2a63,Menhir de la Pierre Percée,act,ArcheologicalSite;CityHeritage;CulturalSite;MegalithDolmenMenhir;PlaceOfInterest,"",""
15/d817ada7-2933-38df-b24c-a0eb3e273255,Office de Tourisme de Blois Chambord-Val de Loire,act,IncomingTravelAgency;LocalTouristOffice;PlaceOfInterest;TouristInformationCenter,"",""
15/e6d15838-7673-3bce-b1f4-24df8a94284d,Office de Tourisme Touraine Nature,act,IncomingTravelAgency;LocalTouristOffice;PlaceOfInterest;TouristInformationCenter,"",""
15/ea65faf3-f47d-3ef6-a87f-8fc26c395977,Gîte la Trotinière,act,Accommodation;CollectiveAccommodation;GroupLodging;HolidayCentre;PlaceOfInterest,"",""
15/f1051ffe-dfbd-3e05-8bd3-b72296b56944,Office de Tourisme Tours Val de Loire,act,IncomingTravelAgency;LocalTouristOffice;PlaceOfInterest;TouristInformationCenter,"",""
36/f77a8e8e-076e-3d05-8961-f0402cfbbb2f,ALTISPORTS PYRÉNÉES,act,BoutiqueOrLocalShop;EquipmentRentalShop;PlaceOfInterest;ServiceProvider;Store,"",""
15/082f5494-0b87-34c6-a94e-e673230441ef,VVF Villages Les Violettes,act,Accommodation;ClubOrHolidayVillage;CollectiveAccommodation;PlaceOfInterest,"",""
15/49dd012a-0e8f-36ef-abb5-7bb3e737f675,Visite du village de Montrésor,act,CityHeritage;CulturalSite;PlaceOfInterest,"",Gothique;Renaissance;Xixe siècle
15/addd0b60-539d-393b-b6cb-045a6d5aa359,Village Vacances La Saulaie – Cap France,act,Accommodation;ClubOrHolidayVillage;CollectiveAccommodation;PlaceOfInterest,"",""
15/daf1a46d-427a-34ef-ada6-1ccb26bc70ea,Le Presbytère de Beaulieu,act,Accommodation;CollectiveAccommodation;PlaceOfInterest;StopOverOrGroupLodge,"",""
15/c56fd057-4247-3e2d-86af-e6ab0b8223b6,Collégiale de Bueil en Touraine,act,Collegiate;CulturalSite;PlaceOfInterest;ReligiousSite;TechnicalHeritage,"",""
15/0fee5c3d-ab84-31ac-a26a-d5d61d62592f,Les Jardins Renaissance ****,act,Accommodation;CollectiveAccommodation;HolidayResort;PlaceOfInterest,"",""
15/1d08207e-c5b0-32f7-b63a-3e15801e99f9,Les hameaux de beauval - résidence hôtelière,act,Accommodation;CollectiveAccommodation;HolidayResort;PlaceOfInterest,"",""
15/235b81f2-7987-3761-a34a-1d95ba38ea9c,Centre d'hébergement Notre Dame la Riche,act,Accommodation;CollectiveAccommodation;HolidayCentre;PlaceOfInterest,"",""
15/399144dd-5dd3-398a-9d81-399ffd6eb279,Adagio access Tours,act,Accommodation;CollectiveAccommodation;HolidayResort;PlaceOfInterest,"",""
15/3f3f2c78-9332-3d38-ab12-a526d5e83c35,PEP 41 Val de Loire,act,Accommodation;CollectiveAccommodation;HolidayCentre;PlaceOfInterest,"",""
15/888e03cb-ceeb-3c6d-a0ee-2ac6db0960ec,Le Moulin des Cordeliers - Résidence Pierre & Vacances,act,Accommodation;CollectiveAccommodation;HolidayResort;PlaceOfInterest,"",""
15/901759d4-cca5-3fba-888e-6968c1cf5dd7,Maison Familiale Rurale Val de l'Indre,act,Accommodation;CollectiveAccommodation;HolidayCentre;PlaceOfInterest,"",""
15/b3046d5f-b938-3a95-8ae6-d3fec608adc0,The People Hostel - Tours centre,act,Accommodation;CollectiveAccommodation;HolidayCentre;PlaceOfInterest,"",""
15/bb1ed421-7df7-3db0-a37d-636a854d27a1,Appart'City Blois,act,Accommodation;CollectiveAccommodation;HolidayResort;PlaceOfInterest,"",""
15/bec40386-c33b-32e2-9f29-d8e69812ecfb,Villa Bellagio,act,Accommodation;CollectiveAccommodation;HolidayResort;PlaceOfInterest,"",""
15/ef647c67-cc57-3bed-add5-4dedda126671,Néméa Appart'Hôtel Quai Victor,act,Accommodation;CollectiveAccommodation;HolidayResort;PlaceOfInterest,"",""
15/0e43c91f-750f-331f-9961-0cd014d686e3,"Gîte de séjour ""Le Logis de Bau""",act,Accommodation;CollectiveAccommodation;GroupLodging;PlaceOfInterest,"",""
15/152a1f73-1709-3db6-9edc-ad7a3fee6d7e,Gîte de groupe des Pignons,act,Accommodation;CollectiveAccommodation;GroupLodging;PlaceOfInterest,"",""
15/1de3fbfe-51fc-3105-a2b3-8a613f2364f4,Gîte de l'orchidée,act,Accommodation;CollectiveAccommodation;GroupLodging;PlaceOfInterest,"",""
15/2b184692-1518-3386-9cdd-0921f890812d,Gîte Cèdre et Charme,act,Accommodation;CollectiveAccommodation;GroupLodging;PlaceOfInterest,"",""
15/37121f1e-2723-383b-a1ee-159b847d2563,Gîte de la Chaponnerie,act,Accommodation;CollectiveAccommodation;GroupLodging;PlaceOfInterest,"",""
15/3f03831d-91c6-3917-a73d-7095b8310155,Le Moulin de Ligoret,act,Accommodation;CollectiveAccommodation;GroupLodging;PlaceOfInterest,"",""
15/52515387-7631-39a6-9807-c2d848de7383,Le Bas Noizay,act,Accommodation;CollectiveAccommodation;GroupLodging;PlaceOfInterest,"",""
15/5466aace-8e3e-3115-8287-2089d5b610a7,Château de Bridoré,act,CulturalSite;DefenceSite;FortifiedCastle;PlaceOfInterest,"",Médiéval
15/5a69169c-beaa-3227-938c-aff2d78d933a,Gîtes du Château,act,Accommodation;CollectiveAccommodation;GroupLodging;PlaceOfInterest,"",""
15/65d13092-9925-3cff-bee2-38f2558fdc25,Gîte La Belle Aventure,act,Accommodation;CollectiveAccommodation;GroupLodging;PlaceOfInterest,"",""
15/7cbb614c-1e48-3a5d-a66e-1f60e308e35a,"Gîte de groupe ""Robinson""",act,Accommodation;CollectiveAccommodation;GroupLodging;PlaceOfInterest,"",""
15/8322d178-0526-3139-8bb4-f54a2a4ed741,"Gîte de groupe ""Le Vanneau Huppé""",act,Accommodation;CollectiveAccommodation;GroupLodging;PlaceOfInterest,"",""
15/87ad5f6e-6ca4-3e82-a020-f5255d4b4f08,"Gîte d'étape et de séjour ""Le Relais des Jonquilles""",act,Accommodation;CollectiveAccommodation;GroupLodging;PlaceOfInterest,"",""
15/11a3b4b4-61c1-33cd-9e5f-9113a7f986d7,Le Mail,Hotel,Accommodation;FastFoodRestaurant;FoodEstablishment;Hotel;HotelRestaurant;HotelTrade;PlaceOfInterest;Restaurant,"",""
15/6ee25944-cf4b-3ce8-b89e-782ed20c68ea,Restaurant Saint-Hubert,Hotel,Accommodation;BrasserieOrTavern;FoodEstablishment;Hotel;HotelRestaurant;HotelTrade;PlaceOfInterest;Restaurant,"",""
15/96d0f090-cc9e-3247-a972-ae1e3d547182,Restaurant du Château des Sept Tours,Hotel,Accommodation;BrasserieOrTavern;FoodEstablishment;Hotel;HotelRestaurant;HotelTrade;PlaceOfInterest;Restaurant,"",""
15/c03e93d5-119a-3c90-85de-b99a4665b838,Restaurant Novotel,Hotel,Accommodation;BrasserieOrTavern;FoodEstablishment;Hotel;HotelRestaurant;HotelTrade;PlaceOfInterest;Restaurant,"",""
15/f39e5e57-3bc0-3c00-b99c-459b5c2270fc,Le Louis 13,Hotel,Accommodation;CafeOrTeahouse;FoodEstablishment;Hotel;HotelRestaurant;HotelTrade;PlaceOfInterest;Restaurant,"",""
15/00e62f7d-0eb4-3ce3-a7ba-5e0b666c0dae,La Rose des Vents,Hotel,Accommodation;FoodEstablishment;Hotel;HotelRestaurant;HotelTrade;PlaceOfInterest;Restaurant,"",""
15/02b9576f-0f55-3354-a3f2-01d71208c540,Le Colombien,Hotel,Accommodation;FoodEstablishment;Hotel;HotelRestaurant;HotelTrade;PlaceOfInterest;Restaurant,"",""
15/04f64ec4-fb29-3e4d-af0d-7b7ae9bb8bf4,Ibis Blois Vallée Maillard,Hotel,Accommodation;FoodEstablishment;Hotel;HotelRestaurant;HotelTrade;PlaceOfInterest;Restaurant,"",""
15/061a4fdb-cfa7-310f-921a-b50d7c41e68e,Fasthotel Tours Nord,Hotel,Accommodation;FoodEstablishment;Hotel;HotelRestaurant;HotelTrade;PlaceOfInterest;Restaurant,"",""
15/062b5337-9b57-31bb-bdeb-7e6b57fbf56a,Hôtel Best Western Le Vinci Loire Valley,Hotel,Accommodation;FoodEstablishment;Hotel;HotelRestaurant;HotelTrade;PlaceOfInterest;Restaurant,"",""
15/086ffb0c-3d64-3417-9432-40d6e6dd2b8c,Hôtel Novotel Amboise,Hotel,Accommodation;FoodEstablishment;Hotel;HotelRestaurant;HotelTrade;PlaceOfInterest;Restaurant,"",""
15/08cf3657-5d80-39c5-b6e0-74189d999f35,Auberge de l'École,Hotel,Accommodation;FoodEstablishment;Hotel;HotelRestaurant;HotelTrade;PlaceOfInterest;Restaurant,"",""
15/08f3f0ad-9bf5-3258-beb1-1454eb059877,Hôtel Valézieux,Hotel,Accommodation;FoodEstablishment;Hotel;HotelRestaurant;HotelTrade;PlaceOfInterest;Restaurant,"",""
15/0db031c0-686a-3206-bd79-c1749f3b4839,Hôtel Kyriad Tours Saint Pierre des Corps Gare TGV,Hotel,Accommodation;FoodEstablishment;Hotel;HotelRestaurant;HotelTrade;PlaceOfInterest;Restaurant,"",""
15/0e76bd88-e04b-34c6-bd27-a33c22a28f5e,Restaurant O en couleur,Hotel,Accommodation;FoodEstablishment;Hotel;HotelRestaurant;HotelTrade;PlaceOfInterest;Restaurant,"",""
15/0ee66a9e-865e-3dcc-bf09-5ee28ffb8728,Le Saint-Georges,Hotel,Accommodation;FoodEstablishment;Hotel;HotelRestaurant;HotelTrade;PlaceOfInterest;Restaurant,"",""
15/0faa5fe8-a88a-39fc-8d76-f12b07a0903f,Côté Loire - Auberge Ligérienne,Hotel,Accommodation;FoodEstablishment;Hotel;HotelRestaurant;HotelTrade;PlaceOfInterest;Restaurant,"",""
15/12a64454-4491-3faa-ab7c-3547cb12a392,Les pagodes de beauval,Hotel,Accommodation;FoodEstablishment;Hotel;HotelRestaurant;HotelTrade;PlaceOfInterest;Restaurant,"",""
15/143a1e35-563c-3060-ba1f-f5c956c88c3b,Restaurant de la Mère Hamard,Hotel,Accommodation;FoodEstablishment;Hotel;HotelRestaurant;HotelTrade;PlaceOfInterest;Restaurant,"",""
15/17481194-770c-3910-ab51-be35647b2ab8,Le Colombien,Hotel,Accommodation;FoodEstablishment;Hotel;HotelRestaurant;HotelTrade;PlaceOfInterest;Restaurant,"",""
15/19933ac5-c31a-327c-af55-fe143b71f4cd,Le Relais de Chambord,Hotel,Accommodation;FoodEstablishment;Hotel;HotelRestaurant;HotelTrade;PlaceOfInterest;Restaurant,"",""
15/19a3b055-6b50-3472-84c3-0cc94849831e,La Brèche,Hotel,Accommodation;FoodEstablishment;Hotel;HotelRestaurant;HotelTrade;PlaceOfInterest;Restaurant,"",""
15/1a235059-b12d-390b-a2df-24c02448cd0f,Le Médicis,Hotel,Accommodation;FoodEstablishment;Hotel;HotelRestaurant;HotelTrade;PlaceOfInterest;Restaurant,"",""
15/1efa0dbe-574b-3367-9bfe-89c6a154bbb3,Hôtel Bellevue,Hotel,Accommodation;FoodEstablishment;Hotel;HotelRestaurant;HotelTrade;PlaceOfInterest;Restaurant,"",""
15/1f26ad2b-6d53-358f-90cd-2d0803f5d1de,Le Cheval Rouge,Hotel,Accommodation;FoodEstablishment;Hotel;HotelRestaurant;HotelTrade;PlaceOfInterest;Restaurant,"",""
15/1f617bac-d940-3e92-b944-a58a89dbe266,Le Mercator,Hotel,Accommodation;FoodEstablishment;Hotel;HotelRestaurant;HotelTrade;PlaceOfInterest;Restaurant,"",""
15/2224c427-f5f9-3396-8d28-c27e2a672f36,Le Monarque,Hotel,Accommodation;FoodEstablishment;Hotel;HotelRestaurant;HotelTrade;PlaceOfInterest;Restaurant,"",""
15/2347c2af-1066-3020-b68d-44681de96b75,Hôtel Le Clos d'Amboise,Hotel,Accommodation;FoodEstablishment;Hotel;HotelRestaurant;HotelTrade;PlaceOfInterest;Restaurant,"",""
15/234eea2a-8ae0-3887-b7c4-8a7db6df3ea3,Hôtel Mercure Tours Nord,Hotel,Accommodation;FoodEstablishment;Hotel;HotelRestaurant;HotelTrade;PlaceOfInterest;Restaurant,"",""
15/23c6fbb0-4ad7-3dd5-b971-481f6c294d31,Villa Bellagio Blois,Hotel,Accommodation;FoodEstablishment;Hotel;HotelRestaurant;HotelTrade;PlaceOfInterest;Restaurant,"",""
15/249dd101-8115-34c4-8457-e3c1af66868b,The Originals Blois sud Ikar,Hotel,Accommodation;FoodEstablishment;Hotel;HotelRestaurant;HotelTrade;PlaceOfInterest;Restaurant,"",""
15/275e8fbc-331a-3482-b25f-8f939ee18acf,Le Médicis - Restaurant,Hotel,Accommodation;FoodEstablishment;Hotel;HotelRestaurant;HotelTrade;PlaceOfInterest;Restaurant,"",""
15/2850749e-a8ea-3231-b279-bdcc08ec7e36,Hôtel de Laroche-Ploquin,Hotel,Accommodation;FoodEstablishment;Hotel;HotelRestaurant;HotelTrade;PlaceOfInterest;Restaurant,"",""
15/2b7d60fa-cd56-3ace-bae3-8120afd97a7c,Hôtel de France,Hotel,Accommodation;FoodEstablishment;Hotel;HotelRestaurant;HotelTrade;PlaceOfInterest;Restaurant,"",""
15/2cffcd9f-f1ba-338c-9757-1cc8f3d0f109,Hôtel Château de Chissay,Hotel,Accommodation;FoodEstablishment;Hotel;HotelRestaurant;HotelTrade;PlaceOfInterest;Restaurant,"",""
15/2d60b5ed-e40e-348c-8a8c-1411e2c9060e,Brit Hotel Blois - Le Préma,Hotel,Accommodation;FoodEstablishment;Hotel;HotelRestaurant;HotelTrade;PlaceOfInterest;Restaurant,"",""
15/2e102894-2008-3611-a287-71b6d31aad25,Le Relais Chenonceaux,Hotel,Accommodation;FoodEstablishment;Hotel;HotelRestaurant;HotelTrade;PlaceOfInterest;Restaurant,"",""
15/2f87908e-151b-32a1-bc9d-0c3048265fed,Hostellerie du Château - le restaurant,Hotel,Accommodation;FoodEstablishment;Hotel;HotelRestaurant;HotelTrade;PlaceOfInterest;Restaurant,"",""
15/30951ab7-7350-37e5-a326-f7b4228d2b72,Relais Touraine Sologne - le restaurant,Hotel,Accommodation;FoodEstablishment;Hotel;HotelRestaurant;HotelTrade;PlaceOfInterest;Restaurant,"",""
15/30f28156-d523-3a17-af47-4f515df15796,Les Terrasses du Luccotel,Hotel,Accommodation;FoodEstablishment;Hotel;HotelRestaurant;HotelTrade;PlaceOfInterest;Restaurant,"",""
15/321be15d-b4cd-3117-a001-e75ad79d5309,Domaine des Hautes Roches,Hotel,Accommodation;FoodEstablishment;Hotel;HotelRestaurant;HotelTrade;PlaceOfInterest;Restaurant,"",""
15/32f0e156-0e6e-3759-871e-056744f006b4,Hôtel de France,Hotel,Accommodation;FoodEstablishment;Hotel;HotelRestaurant;HotelTrade;PlaceOfInterest;Restaurant,"",""
15/34dcb60d-9e3e-3cb1-a791-bd8ba868d595,Le Colonial,Hotel,Accommodation;FoodEstablishment;Hotel;HotelRestaurant;HotelTrade;PlaceOfInterest;Restaurant,"",""
15/380f95ec-362c-3194-907c-8bac5121a955,Château de Beauvois,Hotel,Accommodation;FoodEstablishment;Hotel;HotelRestaurant;HotelTrade;PlaceOfInterest;Restaurant,"",""
15/3860a733-7a93-3999-97aa-16d3e3c68780,The Originals Tours Sud Ambacia,Hotel,Accommodation;FoodEstablishment;Hotel;HotelRestaurant;HotelTrade;PlaceOfInterest;Restaurant,"",""
15/38b60af4-2bf0-386f-90d9-78dbae511508,Hôtel Le Cosy Blois Nord,Hotel,Accommodation;FoodEstablishment;Hotel;HotelRestaurant;HotelTrade;PlaceOfInterest;Restaurant,"",""
15/3e580412-5e58-333d-a00a-9b3aba1e4a81,Les Trois Lys,Hotel,Accommodation;FoodEstablishment;Hotel;HotelRestaurant;HotelTrade;PlaceOfInterest;Restaurant,"",""
15/4102cffe-21aa-347a-a559-18b12dada79e,Restaurant l'Auberge du Mail,Hotel,Accommodation;FoodEstablishment;Hotel;HotelRestaurant;HotelTrade;PlaceOfInterest;Restaurant,"",""
15/42bd17e1-74ca-305a-8675-b4e826f1f202,Les Délices du Saint-Florent,Hotel,Accommodation;FoodEstablishment;Hotel;HotelRestaurant;HotelTrade;PlaceOfInterest;Restaurant,"",""
15/44a8e7ae-3bf2-3f6b-b4d8-bed09ee6d3cc,Relais et Châteaux Hôtel Les Hautes Roches,Hotel,Accommodation;FoodEstablishment;Hotel;HotelRestaurant;HotelTrade;PlaceOfInterest;Restaurant,"",""
15/1d8c4b46-1361-3359-900c-72743828b5eb,Aventure canoë sur le Cher,sport,EquipmentRentalShop;PlaceOfInterest;ServiceProvider;SportsAndLeisurePlace,AccompaniedPractice;Course;DevelopmentCourse;EquipmentRental;FirstPractice;FreePractice;IntroductionCourse;MultiActivity;Practice;Product;Rental,""
15/f9cc0cb1-1415-3e35-add9-eb7ebee50d69,Héli-Passion Val de Loire,sport,EquipmentRentalShop;PlaceOfInterest;ServiceProvider;SportsAndLeisurePlace,AccompaniedPractice;Course;DevelopmentCourse;EquipmentRental;FirstPractice;FreePractice;IntroductionCourse;Practice;Product;Rental,""
15/5e066b1b-3a8d-39e7-b04f-4fd92ceb0652,Tir à l'arc - Loisirs Loire Valley,sport,EquipmentRentalShop;PlaceOfInterest;ServiceProvider;SportsAndLeisurePlace,AccompaniedPractice;DevelopmentCourse;EquipmentRental;FirstPractice;FreePractice;IntroductionCourse;Practice;Product;Rental,""
15/99768e0f-ffcd-3b84-8152-5b9f50aa5f98,Centre de Tourisme Equestre - Attelage Plaisir,sport,EquipmentRentalShop;PlaceOfInterest;ServiceProvider;SportsAndLeisurePlace,AccompaniedPractice;Course;DevelopmentCourse;EquipmentRental;FirstPractice;IntroductionCourse;Practice;Product;Rental,""
15/25dfb3f3-9f44-3503-86a5-32ccff21e346,Canoe-kayak club de tours,sport,EquipmentRentalShop;PlaceOfInterest;ServiceProvider;SportsAndLeisurePlace,AccompaniedPractice;Course;DevelopmentCourse;EquipmentRental;FreePractice;IntroductionCourse;Practice;Product;Rental,""
15/288ab95f-a0b9-3979-988b-29a3d0a022a6,Pôle karting service,sport,EquipmentRentalShop;PlaceOfInterest;ServiceProvider;SportsAndLeisurePlace,AccompaniedPractice;Course;DevelopmentCourse;EquipmentRental;FreePractice;IntroductionCourse;Practice;Product;Rental,""
15/c2e6f4bd-7a8b-3878-be10-a828607f38ee,Canoë Company Loire,sport,EquipmentRentalShop;PlaceOfInterest;ServiceProvider;SportsAndLeisurePlace,AccompaniedPractice;Course;DevelopmentCourse;EquipmentRental;FreePractice;MultiActivity;Practice;Product;Rental,""
15/d3bce86c-056d-3256-ab29-bd38d175667a,Canoë company Cher,sport,EquipmentRentalShop;PlaceOfInterest;ServiceProvider;SportsAndLeisurePlace,AccompaniedPractice;Course;DevelopmentCourse;EquipmentRental;FreePractice;MultiActivity;Practice;Product;Rental,""
15/4872c0ab-08af-3cfa-b969-c25b8ef25f16,Karting Center Tours,sport,EquipmentRentalShop;PlaceOfInterest;ServiceProvider;SportsAndLeisurePlace,Course;DevelopmentCourse;EquipmentRental;FreePractice;IntroductionCourse;MultiActivity;Practice;Product;Rental,""
15/e19cbb81-0773-3117-94fa-e77088c3a660,Aventure Canoë sur le Cher,sport,EquipmentRentalShop;PlaceOfInterest;ServiceProvider;SportsAndLeisurePlace,AccompaniedPractice;DevelopmentCourse;EquipmentRental;FreePractice;IntroductionCourse;Practice;Product;Rental,""
15/8162ba82-44cf-39c9-8d56-8a600499fca8,Ball trap club des Bruyères de Tours,sport,EquipmentRentalShop;PlaceOfInterest;ServiceProvider;SportsAndLeisurePlace,AccompaniedPractice;Course;DevelopmentCourse;EquipmentRental;IntroductionCourse;Practice;Product;Rental,""
15/72dcba17-2144-3ffd-9fda-b121bf4ceea3,Visites guidées en Segway - Freemove,sport,EquipmentRentalShop;PlaceOfInterest;ServiceProvider;SportsAndLeisurePlace,AccompaniedPractice;DevelopmentCourse;EquipmentRental;IntroductionCourse;Practice;Product;Rental,""
15/9ac42e19-f2bd-3f8e-b557-46af039b3ee5,Tours & canoë,sport,EquipmentRentalShop;PlaceOfInterest;ServiceProvider;SportsAndLeisurePlace,AccompaniedPractice;Course;EquipmentRental;FreePractice;MultiActivity;Practice;Product;Rental,""
15/d4bff440-e747-3dc5-b5bc-af635897d8f9,Détours de Loire,sport,EquipmentRentalShop;EquipmentRepairShop;PlaceOfInterest;ServiceProvider;SportsAndLeisurePlace,AccompaniedPractice;EquipmentRental;FreePractice;Practice;Product;Rental,""
15/d8114a56-3a16-3ee7-b09d-8dfeb66b2b3c,Découverte de la Loire en kayak,sport,EquipmentRentalShop;PlaceOfInterest;ServiceProvider;SportsAndLeisurePlace,AccompaniedPractice;EquipmentRental;FreePractice;IntroductionCourse;Practice;Product;Rental,""
15/e1a12fb0-ac06-30d9-991a-5f6858ea31da,USV Canoë-Kayak,sport,EquipmentRentalShop;PlaceOfInterest;ServiceProvider;SportsAndLeisurePlace,AccompaniedPractice;EquipmentRental;FreePractice;IntroductionCourse;Practice;Product;Rental,""
15/179f6937-ab04-3a6f-96bf-2a451350b1c0,"Loire Kayak ""Canoë/Kayak, Stand Up Paddle""",sport,EquipmentRentalShop;PlaceOfInterest;ServiceProvider;SportsAndLeisurePlace,AccompaniedPractice;EquipmentRental;FreePractice;MultiActivity;Practice;Product;Rental,""
15/66e62b5f-ee27-375e-83ae-61e5ae0c26cb,100% BIKE,sport,EquipmentRentalShop;EquipmentRepairShop;PlaceOfInterest;ServiceProvider;SportsAndLeisurePlace,EquipmentRental;FreePractice;MultiActivity;Practice;Product;Rental,""
15/b4beb9ff-b69d-3f14-a86c-e85887894365,Activités et découvertes de la Nature ligérienne avec Loire-Kayak,sport,EquipmentRentalShop;PlaceOfInterest;ServiceProvider;SportsAndLeisurePlace,AccompaniedPractice;EquipmentRental;FreePractice;MultiActivity;Practice;Product;Rental,""
15/c80fdf33-8142-3af1-8aec-3e88f784319e,Formule Kart,sport,EquipmentRentalShop;PlaceOfInterest;ServiceProvider;SportsAndLeisurePlace,Course;EquipmentRental;FreePractice;IntroductionCourse;Practice;Product;Rental,""
15/6d8ff531-92f2-3d9e-a97c-f88358149a87,Institut de Touraine,sport,PlaceOfInterest;ServiceProvider;SportsAndLeisurePlace,AccompaniedPractice;Course;DevelopmentCourse;IntroductionCourse;MultiActivity;Practice;Product,""
15/ba3861b8-dc3d-3959-bc92-cfc1735a88af,Randonnées quad - Loisirs Loire Valley,sport,EquipmentRentalShop;PlaceOfInterest;ServiceProvider;SportsAndLeisurePlace,AccompaniedPractice;EquipmentRental;FirstPractice;Practice;Product;Rental,""
15/d4388c00-1201-3ee9-b2cf-0a5af2b5a65d,Balades nature accompagnées autour de la Loire - Maison de la Loire,sport,EquipmentRentalShop;PlaceOfInterest;ServiceProvider;SportsAndLeisurePlace,AccompaniedPractice;EquipmentRental;MultiActivity;Practice;Product;Rental,""
15/4d6129c1-6010-3f7f-b894-60d6f4ecc041,Centre équestre de la Perchais,sport,PlaceOfInterest;SportsAndLeisurePlace,AccompaniedPractice;Course;DevelopmentCourse;FirstPractice;IntroductionCourse;MultiActivity;Practice;Product,""
15/505918da-6a9b-31fc-8451-39873c533e8f,Centre de Tourisme équestre - Ecurie de la Colinière,sport,PlaceOfInterest;SportsAndLeisurePlace,AccompaniedPractice;Course;DevelopmentCourse;FirstPractice;IntroductionCourse;MultiActivity;Practice;Product,""
15/7e09030c-6f2a-36e6-b102-82f9e1d4b87f,2 CV TOUR'S,sport,EquipmentRentalShop;PlaceOfInterest;ServiceProvider;SportsAndLeisurePlace,AccompaniedPractice;EquipmentRental;FreePractice;Practice;Product;Rental,""
15/9e050d7a-a4a5-3273-9d81-cf95f848d2e5,2 CV Tour's,sport,EquipmentRentalShop;PlaceOfInterest;ServiceProvider;SportsAndLeisurePlace,AccompaniedPractice;EquipmentRental;FreePractice;Practice;Product;Rental,""
15/a184a708-82d3-3ca8-b5bc-b07c83592a24,Détours de Loire,sport,EquipmentRentalShop;PlaceOfInterest;ServiceProvider;SportsAndLeisurePlace,AccompaniedPractice;EquipmentRental;FreePractice;Practice;Product;Rental,""
15/0744b887-a0d5-3bbe-8201-d7c7775327b7,Visite en Segway - Freemove,sport,EquipmentRentalShop;PlaceOfInterest;ServiceProvider;SportsAndLeisurePlace,AccompaniedPractice;EquipmentRental;Practice;Product;Rental,""
15/0827ec30-04e6-3a05-82d4-a15e577025bc,Trott'ecow,sport,EquipmentRentalShop;PlaceOfInterest;ServiceProvider;SportsAndLeisurePlace,AccompaniedPractice;EquipmentRental;Practice;Product;Rental,""
15/0f520069-7c87-38db-a31f-6d8ad3d19275,CYRPEO Val de Loire,sport,EquipmentRentalShop;PlaceOfInterest;ServiceProvider;SportsAndLeisurePlace,AccompaniedPractice;EquipmentRental;Practice;Product;Rental,""
15/759feb18-66dd-31be-af66-11111f306b0e,2CV LEGENDE ORGANISATION,sport,EquipmentRentalShop;PlaceOfInterest;ServiceProvider;SportsAndLeisurePlace,AccompaniedPractice;EquipmentRental;Practice;Product;Rental,""
15/f827875b-cbc5-3709-9e96-917ed3010c75,Location de vélo avec l'Observatoire Loire,sport,EquipmentRentalShop;PlaceOfInterest;ServiceProvider;SportsAndLeisurePlace,AccompaniedPractice;EquipmentRental;Practice;Product;Rental,""
15/feca7069-650d-35c0-8c82-be0874019427,Easy Fat Bike,sport,EquipmentRentalShop;PlaceOfInterest;ServiceProvider;SportsAndLeisurePlace,AccompaniedPractice;EquipmentRental;Practice;Product;Rental,""
15/30cfcfd0-1439-3ce5-b772-6b7d3f0aeae5,Base ulm des châteaux,sport,PlaceOfInterest;SportsAndLeisurePlace,AccompaniedPractice;Course;DevelopmentCourse;FirstPractice;IntroductionCourse;Practice;Product,""
15/3fcc42e2-5477-35b0-9fd2-68497149de39,Les écuries du Souverain,sport,PlaceOfInterest;SportsAndLeisurePlace,AccompaniedPractice;Course;DevelopmentCourse;FirstPractice;IntroductionCourse;Practice;Product,""
15/60255ac1-a8d0-3fff-950e-7ed67c86b53e,Les Écuries d'Anadé,sport,PlaceOfInterest;SportsAndLeisurePlace,AccompaniedPractice;Course;DevelopmentCourse;FirstPractice;IntroductionCourse;Practice;Product,""
15/cf4ff776-15bd-3345-a3e5-63d7265802bc,Les Écuries de la Choisille,sport,PlaceOfInterest;SportsAndLeisurePlace,AccompaniedPractice;Course;DevelopmentCourse;FirstPractice;IntroductionCourse;Practice;Product,""
15/ff41dcbb-e238-367f-97d5-dc33e35323cb,Ateliers carnet de voyage - Dessins multitechniques,sport,PlaceOfInterest;SportsAndLeisurePlace,AccompaniedPractice;Course;DevelopmentCourse;IntroductionCourse;MultiActivity;Practice;Product,""
15/38479d7e-955f-3fbe-ba61-7a8814e40a96,Véloc,sport,EquipmentRentalShop;PlaceOfInterest;ServiceProvider;SportsAndLeisurePlace,EquipmentRental;FreePractice;Practice;Product;Rental,""
15/a7629ff0-bd9b-3749-b79f-4b41de713e8b,Location dépôt de vélos - Hôtel Anne de Bretagne,sport,EquipmentRentalShop;PlaceOfInterest;ServiceProvider;SportsAndLeisurePlace,EquipmentRental;FreePractice;Practice;Product;Rental,""
15/a96103e8-2388-364e-847d-1cd045a030bf,Laser game,sport,EquipmentRentalShop;PlaceOfInterest;ServiceProvider;SportsAndLeisurePlace,EquipmentRental;FreePractice;Practice;Product;Rental,""
15/da6890f6-d831-3789-81e0-f0a48e7dd5b6,Balade en voiturette électrique,sport,EquipmentRentalShop;PlaceOfInterest;ServiceProvider;SportsAndLeisurePlace,EquipmentRental;FreePractice;Practice;Product;Rental,""
15/f30bf062-1186-3694-98d2-496038e31d7d,Location de vélos et rosalies à Chambord,sport,EquipmentRentalShop;PlaceOfInterest;ServiceProvider;SportsAndLeisurePlace,EquipmentRental;FreePractice;Practice;Product;Rental,""
15/f52d4ed3-4173-349c-a227-b806f64e67af,Location de canoës-kayaks - UCM,sport,EquipmentRentalShop;PlaceOfInterest;ServiceProvider;SportsAndLeisurePlace,EquipmentRental;FreePractice;Practice;Product;Rental,""
15/42198a74-f997-3a4a-ad28-4c28504e1a8c,Vols baptêmes en ULM - Loisirs Loire Valley,sport,PlaceOfInterest;SportsAndLeisurePlace,AccompaniedPractice;DevelopmentCourse;FirstPractice;IntroductionCourse;Practice;Product,""
15/7fb4bcf8-cd0c-33c7-a029-9a0879764c18,Les ateliers culinaires de la Grange aux savoir-faire,sport,PlaceOfInterest;SportsAndLeisurePlace,Course;DevelopmentCourse;FreePractice;IntroductionCourse;MultiActivity;Practice;Product,""
15/9a7e2306-72d1-33e1-980a-fc3215d657b7,Pilotage d'avions - formation et perfectionnement,sport,PlaceOfInterest;SportsAndLeisurePlace,Course;DevelopmentCourse;FirstPractice;FreePractice;IntroductionCourse;Practice;Product,""
15/cd6f78c6-f63c-38a3-a0ea-83278318ae16,MONDOVELO - ESPRIT BIKE,sport,EquipmentRentalShop;EquipmentRepairShop;PlaceOfInterest;ServiceProvider;SportsAndLeisurePlace,EquipmentRental;Product;Rental,""
15/d08e600d-3423-370d-9b13-81fbfe5057bd,Loire Valley Cycling,sport,EquipmentRentalShop;EquipmentRepairShop;PlaceOfInterest;ServiceProvider;SportsAndLeisurePlace,EquipmentRental;Product;Rental,""
15/01fd92a0-dea2-38ac-a301-42d5ee38872b,Coup de Foudre,gite,Accommodation;PlaceOfInterest;RentalAccommodation,AccommodationProduct;Chalet;Product,""
15/43d5daa6-5736-3acf-92a8-46bbb1b5b2d8,Les sens de la terre,gite,Accommodation;PlaceOfInterest;RentalAccommodation,AccommodationProduct;Chalet;Product,""
15/6d987da2-ffc0-3a40-9372-713847f0e8e0,Le gîte des châteaux,gite,Accommodation;PlaceOfInterest;RentalAccommodation,AccommodationProduct;Chalet;Product,""
15/71aaf36b-6062-3304-a981-b8cc18ee60bc,Le Chalet de La Ferme de Couffy,gite,Accommodation;PlaceOfInterest;RentalAccommodation,AccommodationProduct;Chalet;Product,""
15/e42a5355-064f-315d-8041-a0ec1e86a030,Kota Luxe à la Cave Margot,gite,Accommodation;PlaceOfInterest;RentalAccommodation,AccommodationProduct;Chalet;Product,""
15/007a5eff-1ed7-3f1e-aaac-cea9d95e3ff1,La Restrie du Bas,gite,Accommodation;PlaceOfInterest;RentalAccommodation;SelfCateringAccommodation,"",""
15/00b4daec-db5b-3d56-8736-23b2522bf80e,La Longère aux Hortensias,gite,Accommodation;PlaceOfInterest;RentalAccommodation;SelfCateringAccommodation,"",""
15/00bf4198-cbbd-38cb-a2d8-c78c4eda1f8d,Gîte chanzy,gite,Accommodation;PlaceOfInterest;RentalAccommodation;SelfCateringAccommodation,"",""
15/01db1d61-653d-3856-9e11-e4425ba246f8,L'Harteloire,gite,Accommodation;PlaceOfInterest;RentalAccommodation;SelfCateringAccommodation,"",""
15/01f0578a-c89d-3bb3-9b58-7754ebba529b,Gîte de la mahaudière,gite,Accommodation;PlaceOfInterest;RentalAccommodation;SelfCateringAccommodation,"",""
15/02568217-acea-3d5e-9fa7-45c07aeaafb8,Domaine de la Trigalière - La Maison des Amis,gite,Accommodation;PlaceOfInterest;RentalAccommodation;SelfCateringAccommodation,"",""
15/0375fb27-b1c7-3fe5-b57e-ae3040b148fa,Château de la Roche Berthault - La Maison du Jardinier,gite,Accommodation;PlaceOfInterest;RentalAccommodation;SelfCateringAccommodation,"",""
15/0411f013-4769-3e7f-92e7-d8df648a75c4,La Cordonnerie,gite,Accommodation;PlaceOfInterest;RentalAccommodation;SelfCateringAccommodation,"",""
15/0455bc4e-ea31-3321-8bbb-a4899e6aea92,Le Bois Logis,gite,Accommodation;PlaceOfInterest;RentalAccommodation;SelfCateringAccommodation,"",""
15/05556d1b-a791-3a46-91f3-6c09a86d2858,Maison Bleue,gite,Accommodation;PlaceOfInterest;RentalAccommodation;SelfCateringAccommodation,"",""
15/05b3f213-5f08-3df3-a01a-397054f81b3f,Gîte de la Hulotte,gite,Accommodation;PlaceOfInterest;RentalAccommodation;SelfCateringAccommodation,"",""
15/063e026a-1ca1-3a6f-874d-9554a7f8b499,Le Petit Pavillon,gite,Accommodation;PlaceOfInterest;RentalAccommodation;SelfCateringAccommodation,"",""
15/07fbae9c-6b11-3d68-af0b-64d978b6383f,Bergeronnette | Gîtes des Closeaux,gite,Accommodation;PlaceOfInterest;RentalAccommodation;SelfCateringAccommodation,"",""
15/0855acfb-ec04-326e-ab98-a346c37c7ae2,La mazière des portes jaunes,gite,Accommodation;PlaceOfInterest;RentalAccommodation;SelfCateringAccommodation,"",""
15/0863f8f1-3a5e-3df5-b4a4-98038fbbd18e,Le paradis des caves,gite,Accommodation;PlaceOfInterest;RentalAccommodation;SelfCateringAccommodation,"",""
15/091727b3-a7aa-3ebf-a987-c39c14080350,Le Boudoir de Nana,gite,Accommodation;PlaceOfInterest;RentalAccommodation;SelfCateringAccommodation,"",""
15/09d827bc-ae39-3db6-8e3e-fcebce366d7c,Domaine Plessis Gallu - Villa Cottage,gite,Accommodation;PlaceOfInterest;RentalAccommodation;SelfCateringAccommodation,"",""
15/0b1fd012-2755-3dc1-9ad7-ac03de416fab,Le Gîte des Bateliers,gite,Accommodation;PlaceOfInterest;RentalAccommodation;SelfCateringAccommodation,"",""
15/0c355587-c83b-3610-81e7-81d07277e635,Le gîte de l'Hermine,gite,Accommodation;PlaceOfInterest;RentalAccommodation;SelfCateringAccommodation,"",""
15/0d039e83-13d0-3ccf-b426-983f74717df4,Les Ecuries des Touches : Gîte Nord,gite,Accommodation;PlaceOfInterest;RentalAccommodation;SelfCateringAccommodation,"",""
15/0d0c622e-35de-3b27-9307-44c8d6db4959,Maison du Cerf,gite,Accommodation;PlaceOfInterest;RentalAccommodation;SelfCateringAccommodation,"",""
15/0e01e653-2e13-3189-982d-c7e35946ca15,L'Abeille bleue,gite,Accommodation;PlaceOfInterest;RentalAccommodation;SelfCateringAccommodation,"",""
15/0e8643af-5b62-3a00-98e0-8f442023ea23,Gîte du Moulin - Le four à pain,gite,Accommodation;PlaceOfInterest;RentalAccommodation;SelfCateringAccommodation,"",""
15/0e9b6b9d-8c05-3c8c-aaa4-a3878d59c065,Gîte belleric,gite,Accommodation;PlaceOfInterest;RentalAccommodation;SelfCateringAccommodation,"",""
15/0f9fce81-2ae4-3dd4-a7a6-3819faa21095,Les Poètes | Gîtes l’École Buissonnière,gite,Accommodation;PlaceOfInterest;RentalAccommodation;SelfCateringAccommodation,"",""
15/10ef7f94-4692-3fbc-93b6-774691672659,Le gîte de la Boissière,gite,Accommodation;PlaceOfInterest;RentalAccommodation;SelfCateringAccommodation,"",""
15/116e5bf7-ada1-3033-836a-b7daa3dfbdcf,Le Pavillon en Touraine,gite,Accommodation;PlaceOfInterest;RentalAccommodation;SelfCateringAccommodation,"",""
15/11867fe4-98b9-34e9-9573-b2e609ffb36a,Le Patio du centre-ville,gite,Accommodation;PlaceOfInterest;RentalAccommodation;SelfCateringAccommodation,"",""
15/119e4c15-a4a4-31a1-a63d-1aca27fbbe8f,Gîte de Christine,gite,Accommodation;PlaceOfInterest;RentalAccommodation;SelfCateringAccommodation,"",""
15/124e26dd-a5a9-3656-982d-32221eebdf52,Les Agapanthes - Meublé Fuchsia,gite,Accommodation;PlaceOfInterest;RentalAccommodation;SelfCateringAccommodation,"",""
15/12ffe9e2-a2e0-38c5-a6ae-94cfeeb5d079,Chalet Ancolie,gite,Accommodation;PlaceOfInterest;RentalAccommodation;SelfCateringAccommodation,"",""
15/137f8571-0800-3b15-a2cd-a07498b43979,Le Clos des Touchardières,gite,Accommodation;PlaceOfInterest;RentalAccommodation;SelfCateringAccommodation,"",""
15/1385bd08-3e85-393e-aa30-39b00e61c485,L'Imprimerie,gite,Accommodation;PlaceOfInterest;RentalAccommodation;SelfCateringAccommodation,"",""
15/13a9850d-8ca3-37c0-8e30-92823001fa57,Domaine Plessis Gallu - Cottage de la Tour,gite,Accommodation;PlaceOfInterest;RentalAccommodation;SelfCateringAccommodation,"",""
15/15ef7831-9844-3e14-8cac-c3ea2ff0e27a,Gîte de la Huppe,gite,Accommodation;PlaceOfInterest;RentalAccommodation;SelfCateringAccommodation,"",""
15/165c17c7-9cf6-364c-8c38-745f6298750c,Gîte la Voilerie - La Voilerie du Cher,gite,Accommodation;PlaceOfInterest;RentalAccommodation;SelfCateringAccommodation,"",""
15/16ca1497-0b6d-3d59-916b-3f1207b35f87,Le Clos des Volets Verts,gite,Accommodation;PlaceOfInterest;RentalAccommodation;SelfCateringAccommodation,"",""
15/16dfb1e9-386e-3b0d-abc5-2a33549db200,Les grandes fougères,gite,Accommodation;PlaceOfInterest;RentalAccommodation;SelfCateringAccommodation,"",""
15/17a8b723-03bb-3f42-bbf9-a9bddeacae03,Gîte des Taboureaux,gite,Accommodation;PlaceOfInterest;RentalAccommodation;SelfCateringAccommodation,"",""
15/17d5618e-96b3-384b-8e99-52159ac60f33,L'Argenterie - Gîte de Maëlle,gite,Accommodation;PlaceOfInterest;RentalAccommodation;SelfCateringAccommodation,"",""
15/1871e929-59c7-3a06-a920-a4679ba9a2da,Meublé de la Taille Meury,gite,Accommodation;PlaceOfInterest;RentalAccommodation;SelfCateringAccommodation,"",""
15/19613bc8-4268-3855-98a1-5d19b3fe46a5,Gîte troglodytique 1875,gite,Accommodation;PlaceOfInterest;RentalAccommodation;SelfCateringAccommodation,"",""
15/19acb5a0-01f2-3c49-9803-581c248a5dc6,La vie des jardins,gite,Accommodation;PlaceOfInterest;RentalAccommodation;SelfCateringAccommodation,"",""
15/19f13b0a-6e55-3dc4-9ece-7fe0d3e27686,La Grange d'Isabelle,gite,Accommodation;PlaceOfInterest;RentalAccommodation;SelfCateringAccommodation,"",""
15/1a09e676-be16-309e-9707-33c35fafb6a6,Montpoupon | cottages du manoir de la voûte,gite,Accommodation;PlaceOfInterest;RentalAccommodation;SelfCateringAccommodation,"",""
15/00e8d121-18ba-339b-946f-09896707b893,Les Passerelles,museum,CulturalSite;Museum;PlaceOfInterest;TechnicalHeritage,"",""
15/02feda28-2798-3e1a-b3eb-bd183c1a35b8,Visite commentée de la ville de Montoire,church,ArcheologicalSite;Bridge;Chapel;Church;CityHeritage;Convent;CulturalSite;PlaceOfInterest;ReligiousSite;RemarkableBuilding;Ruins;TechnicalHeritage,"",""
15/04d8318f-275b-3474-a635-53eee3aa4a0d,Eglise Saint-Hilaire et Musée d'Art Sacré,church,Church;CulturalSite;Museum;PlaceOfInterest;ReligiousSite,"",""
15/0590493d-b2bd-365a-a5d9-5f1cf1abcde6,Musée de la Corbillière,museum,CulturalSite;Museum;PlaceOfInterest,"",""
15/06445059-cf53-3384-b2dd-b87a2747d96f,Le Bistrot'Quai,bar,BistroOrWineBar;FoodEstablishment;PlaceOfInterest;Restaurant,"",""
15/098d334a-d1b8-3c33-8224-88ea2ba02651,Jardin du presbytère de Chédigny,park,CulturalSite;ParkAndGarden;PlaceOfInterest,"",""
15/0a825d5a-a1ba-39ba-85e2-564570c3e787,Domaine royal de Château Gaillard,castle,Castle;CulturalSite;Museum;ParkAndGarden;PlaceOfInterest;RemarkableBuilding,"",Renaissance
15/0b10c541-882d-3f2c-afb7-dad59906b48c,Musée-spectacle Musikenfête,museum,CulturalSite;Museum;PlaceOfInterest;TechnicalHeritage,"",""
15/0cc5ba46-2b79-3440-8de8-57c2e92b179d,Château du Clos Lucé -  Parc Leonardo da Vinci,castle,Castle;CulturalSite;Museum;ParkAndGarden;PigeonLoft;PlaceOfInterest;RemarkableBuilding;TechnicalHeritage,"",""
15/0e462460-7863-3e2e-983f-b5f08fd8325a,Château-monastère de la Corroirie,castle,Abbey;Castle;Citadel;Cloister;CulturalSite;DefenceSite;Mill;ParkAndGarden;PlaceOfInterest;ReligiousSite;RemarkableBuilding;TechnicalHeritage,"",""
15/12dc8a9d-56de-3576-98e1-25a37aa9f1cb,Visite du village de Trôo (cité troglodytique),museum,ArcheologicalSite;CaveSinkholeOrAven;CityHeritage;Collegiate;CulturalSite;DefenceSite;FortifiedSet;Museum;NaturalHeritage;PlaceOfInterest;ReligiousSite;Ruins;TechnicalHeritage,"",""
15/15ed9f94-3b2f-36c9-897f-e4d38dec264f,Balancier hydraulique,museum,CulturalSite;Museum;PlaceOfInterest;TechnicalHeritage,"",Renaissance;Xixe siècle
15/16d0cc31-b674-36c5-aef4-47ae1d60c6da,Eglise Notre Dame,church,Church;CulturalSite;PlaceOfInterest;ReligiousSite,"",Roman
15/174e2dd1-fb58-3afb-a135-2c29caec6b73,Château de Leugny,castle,Castle;CulturalSite;ParkAndGarden;PlaceOfInterest;RemarkableBuilding,"",""
15/181da51a-d4b4-33cf-a1a2-5e54ba51bfbf,Halle des Cardeux,museum,CulturalSite;Museum;PlaceOfInterest;RemarkableBuilding,"",""
15/19b49d92-e110-36e6-bb63-04db4d70e014,Espace Culturel Osier Vannerie,museum,CulturalSite;Museum;NaturalHeritage;PlaceOfInterest;TechnicalHeritage,"",""
15/1b613a9c-f4ee-3d73-8cb7-0beb3719eecb,Vallée troglodytique des Goupillières,park,CaveSinkholeOrAven;CulturalSite;NaturalHeritage;ParkAndGarden;PlaceOfInterest,"",""
15/226a1dff-1294-301a-a9f2-7f5c22ed9c1b,Plan d'eau du Bois-Vigneau,nature,NaturalHeritage;PlaceOfInterest,"",""
15/23818fd1-0e8b-3df4-9f95-4df10bae1da1,Parc et vestiges du Château de Vendôme,castle,ArcheologicalSite;Castle;CulturalSite;ParkAndGarden;PlaceOfInterest;RemarkableBuilding;Ruins,"",Médiéval
15/24ab84d0-6524-3cb0-b315-b55d83271616,Restaurant la Guinguette de Lulu parc,bar,BistroOrWineBar;FoodEstablishment;PlaceOfInterest;Restaurant,"",""
15/24b255c9-93f1-3914-89b1-70d14e8776aa,Visite guidée de la ville de Montrichard,church,Bridge;Church;CityHeritage;CulturalSite;DefenceSite;Dungeon;IndustrialSite;PlaceOfInterest;ReligiousSite;RemarkableBuilding;TechnicalHeritage,"",Médiéval;Renaissance;Roman
15/25621514-2370-3ea0-9cc3-1c88b524a536,Eglise Sainte Eulalie,church,Church;CulturalSite;PlaceOfInterest;ReligiousSite,"",""
15/262b7344-b0e5-3214-b9ac-9e2ab9f0dbaf,Plan d'eau d'Ouchamps,nature,NaturalHeritage;PlaceOfInterest,"",""
15/263a6e70-43b3-3d5d-b1c8-aa1d8506d2dc,Château de Monteaux,castle,Castle;CulturalSite;PlaceOfInterest;RemarkableBuilding,"",""
15/2679335a-b7fa-31fc-b41f-7ee6548aff62,Château et Jardins de Villandry,castle,Castle;CulturalSite;ParkAndGarden;PlaceOfInterest;RemarkableBuilding,"",""
15/29405952-71b9-3fab-b499-79a3f22a83f1,Circuit découverte de Genillé,park,CityHeritage;CulturalSite;ParkAndGarden;PlaceOfInterest,"",""
15/2a3f0119-f632-3d90-895c-34a1ce4757dc,Parc botanique du prieuré,park,CulturalSite;ParkAndGarden;PlaceOfInterest,"",""
15/2a8dc7a6-0391-3b2f-8507-3d9846dd882d,Le Bistrot des Belles Caves - Bar à vins,bar,BistroOrWineBar;FoodEstablishment;PlaceOfInterest,"",""
15/2aced3df-e919-3d3f-9dff-fe4f987424b3,Château de Fontenay,castle,Castle;CulturalSite;ParkAndGarden;PlaceOfInterest;RemarkableBuilding,"",""
15/2b8befdb-e6f6-39e7-b306-23c104b5193c,Les Grouais de Chicheray (ancienne gravière),nature,NaturalHeritage;PlaceOfInterest,"",""
15/2c03d6ac-4316-3c4c-baee-f60e6972472f,Musée de Vendôme,museum,CulturalSite;Museum;PlaceOfInterest;TechnicalHeritage,"",""
15/2ca78cd5-f554-373e-94c2-5ad2d9fbf804,Château de Chémery,castle,Castle;CulturalSite;DefenceSite;FortifiedCastle;Museum;PlaceOfInterest;RemarkableBuilding,"",Médiéval;Renaissance
15/31e38136-be89-3b1d-be82-144e9a31b4cc,Château d'Azay-le-Rideau,castle,Castle;CulturalSite;ParkAndGarden;PlaceOfInterest;RemarkableBuilding,"",""
15/32a29f5f-a00f-38f0-8039-a66ce718bbba,Arboretum de La Fosse,park,CulturalSite;ParkAndGarden;PlaceOfInterest,"",""
15/34971208-86ae-3fd2-b35b-5aca79d9e8a2,Atelier de serrurerie Mercier,museum,CulturalSite;Museum;NaturalHeritage;PlaceOfInterest,"",""
15/3522f3b8-6ea2-367b-95c5-733e9ba9e905,Label Cantine,fast_food,FastFoodRestaurant;FoodEstablishment;PlaceOfInterest,"",""
15/365d73a2-6625-3cdc-a06c-214eb0ef0115,Les potagers de Chambord,park,CulturalSite;ParkAndGarden;PlaceOfInterest,"",""
15/39ce71b3-a2d9-3bbd-8f96-23f8d39b13c5,L'Embarcadère,bar,BistroOrWineBar;FoodEstablishment;PlaceOfInterest;Restaurant,"",""
15/3c0f9ead-899f-34c7-8108-d584c55bb9f8,Les Trois Marchands,bar,BistroOrWineBar;FoodEstablishment;PlaceOfInterest;Restaurant,"",""
15/3e8cd46b-78ee-3458-ac2e-346543b75866,Jardin Botanique,park,CulturalSite;NaturalHeritage;ParkAndGarden;PlaceOfInterest,"",""
15/3ea6e55a-2634-3b25-824a-835e7c27bb20,Musée de la Vigne et du Vin du Château Moncontour,museum,CulturalSite;Museum;NaturalHeritage;PlaceOfInterest;TechnicalHeritage,"",""
15/3f7e058a-e015-3814-894a-2e49916c0bbc,Ana M. Bar à vins,bar,BistroOrWineBar;FoodEstablishment;PlaceOfInterest;Restaurant,"",""
15/416e7d98-b582-3519-9bcb-303b430639d3,Orangerie du Domaine de la Tortinière,bar,Accommodation;BistroOrWineBar;FoodEstablishment;Hotel;HotelRestaurant;HotelTrade;PlaceOfInterest;Restaurant,"",""
15/41cc4799-5574-3fb6-9a80-bf60bed5ab2b,Collégiale Saint-Jean-Baptiste,church,Church;Collegiate;CulturalSite;PlaceOfInterest;ReligiousSite,"",""
15/422afbae-7d16-3f30-bee9-be88af1ffda6,Prairies du Fouzon,nature,NaturalHeritage;PlaceOfInterest,"",""
15/42800fbb-e4cf-30b4-99f5-d046b9865f9d,Le Jardin d'Artiste de la Cressonnière,park,CulturalSite;ParkAndGarden;PlaceOfInterest,"",Contemporain
15/42d4605d-a53d-3118-912d-f69811a19656,Visite commentée du village médiéval de Lavardin,church,ArcheologicalSite;Church;CityHeritage;CulturalSite;PlaceOfInterest;ReligiousSite;Ruins,"",""
15/446df6bd-4306-3c79-9593-cfdd2e9b9ab4,Les 400 Coups,bar,BistroOrWineBar;FoodEstablishment;PlaceOfInterest,"",""
15/489f8955-d0ae-3d51-98d8-36130c451c3f,Maison de la BD,museum,CulturalSite;Museum;PlaceOfInterest;TechnicalHeritage,"",""
15/49b3de43-2cad-3d38-a214-9b6ddb70ca5b,Église Saint-Antoine,church,Church;CulturalSite;PlaceOfInterest;ReligiousSite,"",""
15/4c6ba4c8-98b9-39dc-aebb-5e46a5bddfd8,Visite guidée du village du Louroux,church,Church;CityHeritage;CulturalSite;Farm;Mill;PigeonLoft;PlaceOfInterest;ReligiousSite;TechnicalHeritage,"",Médiéval
15/4c81854a-22cf-3993-a85e-2960ff414bfa,Château de Nitray,castle,Castle;CulturalSite;Museum;ParkAndGarden;PigeonLoft;PlaceOfInterest;RemarkableBuilding;TechnicalHeritage,"",""
15/4c9a94a5-520f-331d-8a8e-0e19a9b22a5f,Château de Chambord,castle,Castle;CulturalSite;ParkAndGarden;PlaceOfInterest;RemarkableBuilding,"",Renaissance
15/4d39b930-782b-3ff9-98d3-cf53358b8d16,Musée du Compagnonnage,museum,CulturalSite;Museum;PlaceOfInterest;TechnicalHeritage,"",""
15/4d620560-ec2d-3a79-9f10-c88a37330add,Musée des Beaux-Arts et son jardin,museum,CulturalSite;Museum;ParkAndGarden;PlaceOfInterest,"",""
15/51032c72-6c8f-3ed1-aeb1-321d5e4e2032,L'Auberge du Croissant,bar,BistroOrWineBar;BrasserieOrTavern;FoodEstablishment;PlaceOfInterest;Restaurant,"",""
15/57206237-3ccf-395b-b02f-b91fccedc7a7,Maison-Musée Lansyer,museum,CulturalSite;InterpretationCentre;Museum;ParkAndGarden;PlaceOfInterest,"",""
15/5a3f9e0f-657f-3c72-b50f-652b483124a0,Château de Valmer - Vins et Jardins,castle,Castle;Church;CulturalSite;ParkAndGarden;PigeonLoft;PlaceOfInterest;ReligiousSite;RemarkableBuilding;TechnicalHeritage,"",""
15/5af15472-8b61-3f72-89b3-c0b0ff6b4dbd,La Loire en Tonneaux,bar,BistroOrWineBar;FastFoodRestaurant;FoodEstablishment;PlaceOfInterest;Restaurant,"",""
15/5ce56c2c-6f1b-31ab-bf1a-8c047912e5fc,Domaine de Candé,castle,Castle;CulturalSite;NaturalHeritage;ParkAndGarden;PlaceOfInterest;RemarkableBuilding,"",Contemporain
15/63de6c60-0fdd-36ac-9374-6be54d68afd4,Chartreuse du Liget,park,Abbey;Cloister;CulturalSite;Monastery;ParkAndGarden;PlaceOfInterest;ReligiousSite,"",""
15/653c6732-d252-30a4-b9f4-1c9e27a24fdb,Comme à la Maison,bar,BistroOrWineBar;FoodEstablishment;PlaceOfInterest;Restaurant,"",""
15/6582de5d-366c-3bd5-9d60-83d9578bddf2,Musée d'outils anciens et d'art populaire,museum,CulturalSite;Museum;PlaceOfInterest;TechnicalHeritage,"",""
15/658e0e4a-6dd6-31e1-aea6-6b86ffdf99d6,Parc de la Perraudière,park,CulturalSite;ParkAndGarden;PlaceOfInterest,"",""
15/66dae91a-0510-3883-a0ee-b02eca81c499,Château de Bois-Freslon,castle,Castle;CulturalSite;PlaceOfInterest;RemarkableBuilding,"",""
15/6712b52c-562e-3c5a-adc0-3a95ec3003e2,Musée du Cuir et de la Tannerie,museum,CulturalSite;IndustrialSite;Museum;PlaceOfInterest;TechnicalHeritage,"",""
15/67beea70-f453-3f34-851e-b7273df2ae4e,Château Royal d'Amboise,castle,Castle;CulturalSite;Museum;ParkAndGarden;PlaceOfInterest;RemarkableBuilding,"",Contemporain
15/68840f8e-7de3-3d26-b6a0-324c3315a6a6,Ancienne Eglise Notre Dame,church,Church;CulturalSite;PlaceOfInterest;ReligiousSite,"",Roman
15/6a83a6b7-fcf7-3500-b41f-9e4f0a06b476,La Chancellerie,museum,CulturalSite;Museum;PlaceOfInterest,"",""
15/6d34086f-fd8d-394f-8b74-206a9053fa1f,Château et parc de Langeais,castle,ArcheologicalSite;Castle;Citadel;CulturalSite;DefenceSite;ParkAndGarden;PlaceOfInterest;RemarkableBuilding,"",""
15/708509a6-6cd9-388a-9bfc-c93c75ad81f2,Eglise Saint-Martin,church,Church;CulturalSite;PlaceOfInterest;ReligiousSite,"",""
15/713953a6-42d8-3f06-8c8b-d691e36c7663,Grottes Pétrifiantes de Savonnières-Villandry,museum,CaveSinkholeOrAven;CulturalSite;Museum;NaturalHeritage;PlaceOfInterest,"",""
15/73733b5b-195f-3849-9641-3fe8d2d233c3,Musées au donjon et visite du donjon,museum,CulturalSite;DefenceSite;Dungeon;Museum;PlaceOfInterest;TechnicalHeritage,"",""
15/788cbb65-089b-3bc7-9c09-b0620562f478,Le musée de la vigne et des objets anciens de Trôo,museum,CulturalSite;Museum;PlaceOfInterest,"",""
15/7b6ec9cd-7adc-353b-a31a-2c2987f7363b,Forteresse de Montbazon,castle,Castle;Citadel;CulturalSite;DefenceSite;PlaceOfInterest;RemarkableBuilding,"",""
15/7cc3f5a3-db11-3f08-90f9-ff21444d4990,Domaine de Chaumont-sur-Loire,castle,Castle;CulturalSite;ParkAndGarden;PlaceOfInterest;RemarkableBuilding;TechnicalHeritage,"",Contemporain;Renaissance
15/7d8aacf1-8527-3c96-b36d-d59114a7b7c6,Gare Historique,museum,CulturalSite;Museum;PlaceOfInterest;RemembranceSite,"",""
15/81f41b85-83e1-3d04-9141-3f7339dce228,Restaurant Côté Cour,bar,BistroOrWineBar;FoodEstablishment;PlaceOfInterest;Restaurant,"",""
15/82786e24-982c-3cfd-bbf5-9e4f356bee34,"Village de Chédigny ""Jardin Remarquable""et fleur d'or",park,CityHeritage;CulturalSite;ParkAndGarden;PlaceOfInterest,"",""
15/84325461-5515-3501-9194-ae586afff887,Centre de Création Contemporaine Olivier Debré CCC OD,museum,CulturalSite;Museum;NaturalHeritage;PlaceOfInterest,"",Contemporain
15/84655181-7597-3ae3-be04-b8d14c185265,Château de la Bourdaisière,castle,Castle;CulturalSite;ParkAndGarden;PlaceOfInterest;RemarkableBuilding,"",Contemporain
15/88825a8c-e296-338e-a8b1-fb3256c63b4f,Château de Jallanges,castle,Castle;Church;CulturalSite;ParkAndGarden;PlaceOfInterest;ReligiousSite;RemarkableBuilding,"",""
15/8b25b81a-f855-3e86-a492-a338beadea37,Château de Montpoupon,castle,Castle;CulturalSite;Museum;ParkAndGarden;PlaceOfInterest;RemarkableBuilding;TechnicalHeritage,"",""
15/8be255c2-1e53-3ee4-8ffe-6d62eac694bf,Parc du château de Chantecaille,castle,Castle;CulturalSite;PlaceOfInterest;RemarkableBuilding,"",""
15/8dc9c5e4-7112-3401-b63f-588a30c960e3,Observatoire Loire de Blois,museum,CulturalSite;Museum;PlaceOfInterest;TechnicalHeritage,"",""
15/905e2e45-4076-3e7a-8f66-8738921bd05e,Château de Cheverny,castle,Castle;CulturalSite;ParkAndGarden;PlaceOfInterest;RemarkableBuilding,"",Classique;Contemporain
15/92850df8-39b6-30ba-bbe8-9cb4631eddf9,Musée archéologique,museum,ArcheologicalSite;CulturalSite;Museum;PlaceOfInterest;RomanPath;Ruins,"",Gallo-romain
15/942d6e47-cd8e-3744-ba1a-17bb5294dd91,Parc du Vaulx Saint-Georges,park,CulturalSite;ParkAndGarden;PlaceOfInterest,"",""
15/96355b15-88bf-3316-ac35-6d98bc973d8d,Château de Fougères-sur-Bièvre,castle,Castle;CulturalSite;ParkAndGarden;PlaceOfInterest;RemarkableBuilding,"",Médiéval
15/991c7a68-c4b2-3ab4-9598-b056de407e2e,Château de Troussay,castle,Castle;CulturalSite;ParkAndGarden;PlaceOfInterest;RemarkableBuilding,"",Renaissance
15/9a322fdf-bac2-3547-ad01-3a8b9cd10ff7,Château Royal de Blois,castle,Castle;CulturalSite;Museum;PlaceOfInterest;RemarkableBuilding,"",Classique;Gothique;Renaissance
15/9b26f8bc-4ce2-306e-93ee-e8ce43d07061,Château du Gué-Péan,castle,Castle;CulturalSite;PlaceOfInterest;RemarkableBuilding,"",Renaissance
15/9cb4f87b-1181-3264-b0c7-240e2a63f361,Parc Edouard André,park,CulturalSite;ParkAndGarden;PlaceOfInterest,"",Contemporain
15/9d17cd15-46d0-33ff-91e4-d5305c796119,Plan d'eau de la Mouline,nature,NaturalHeritage;PlaceOfInterest,"",""
15/9d59f6fe-fb3f-3064-80cc-192312ad1e88,Maison de la Nature et de la Réserve,museum,ArcheologicalSite;CulturalSite;Museum;PlaceOfInterest;ReligiousSite;TechnicalHeritage,"",Gallo-romain
15/9ec9b3cd-85d2-3a9a-bbfa-3056ae91af63,Musée de la vie agricole et viticole du château de Troussay,museum,CulturalSite;Museum;PlaceOfInterest;TechnicalHeritage,"",""
15/9edd3c8d-3014-305e-b57b-ae650ddb2bcb,Le Cabinet des curiosités,museum,CulturalSite;Museum;PlaceOfInterest;RemarkableBuilding,"",""
15/9f60d062-5782-3683-bcc3-8170f8890984,Château de Cinq-Mars et Parc,castle,ArcheologicalSite;Castle;CulturalSite;ParkAndGarden;PlaceOfInterest;RemarkableBuilding;Ruins;Tower,"",""
15/9fc6bb7a-0e09-3c3e-8754-aedeb3893ba1,Réserve Naturelle Régionale de Pontlevoy,nature,NaturalHeritage;PlaceOfInterest,"",""
15/a040553b-fe69-3571-b312-eb1c9e83eea9,Le Couvent des Minimes,museum,Basilica;Convent;CulturalSite;Museum;PlaceOfInterest;ReligiousSite,"",""
15/a0cb2b31-a7f1-3bc5-b6a3-df9acda8738d,"Prieuré Saint-Cosme, demeure de Ronsard",museum,Abbey;CulturalSite;Museum;ParkAndGarden;PlaceOfInterest;ReligiousSite,"",Contemporain
15/a1c228cd-fdff-3d77-a486-37f3b51275e8,Parc & Château de Beauregard,castle,Castle;CulturalSite;ParkAndGarden;PlaceOfInterest;RemarkableBuilding,"",""
15/a1f2302e-d1f1-3362-aac0-6f891a59e574,Musée de la Pierre à fusil,museum,CulturalSite;IndustrialSite;Museum;PlaceOfInterest;TechnicalHeritage,"",""
15/a27712f6-8bfa-33b3-8186-529dad4978a1,Jardin du Plessis Sasnières,park,CulturalSite;ParkAndGarden;PlaceOfInterest,"",""
15/a3415f45-f94c-3920-8ef1-1e4db80e6040,Restaurant / Bar à vins Le Bistrot des Belles Caves,bar,BistroOrWineBar;FoodEstablishment;PlaceOfInterest;Restaurant,"",""
15/a5a3375b-735b-3f74-a640-323aab913424,La Gloriette - Tours Métropole Val de Loire,park,CulturalSite;ParkAndGarden;PlaceOfInterest,"",""
15/a6a784ac-8062-33ae-8a82-4228210cd22d,Château de Rochambeau,castle,Castle;Chapel;CulturalSite;PlaceOfInterest;ReligiousSite;RemarkableBuilding,"",Classique
15/ab000877-78db-316e-8032-3e801e7118cc,Le Vieux Murier,bar,BistroOrWineBar;BrasserieOrTavern;FoodEstablishment;PlaceOfInterest;Restaurant,"",""
15/ab38aafe-3e67-368a-b760-224c3f0e4832,Le Bistrot des Hauts de Loire,bar,Accommodation;BistroOrWineBar;FoodEstablishment;Hotel;HotelRestaurant;HotelTrade;PlaceOfInterest;Restaurant,"",""
15/acb3e1d4-e044-3f0e-80b8-9f042d4f73e3,Église Saint-Laurent,church,Church;CityHeritage;CulturalSite;PlaceOfInterest;ReligiousSite,"",""
15/ad9f5e72-155c-3a24-9c57-da0b4d6b36fe,Château de Montrésor,castle,Castle;Cloister;Collegiate;CulturalSite;Museum;ParkAndGarden;PlaceOfInterest;ReligiousSite;RemarkableBuilding,"",""
15/af098738-4d60-39bf-b7f9-23ecf035153e,La Maison du Passeur,bar,BistroOrWineBar;CafeOrTeahouse;FarmhouseInn;FastFoodRestaurant;FoodEstablishment;PlaceOfInterest;Restaurant,"",""
15/af0fdf41-78f6-3584-bf1b-3cc9407fcc74,Visite guidée de l'église abbatiale de la Trinité,church,Abbey;Church;Cloister;CulturalSite;PlaceOfInterest;ReligiousSite,"",Gothique;Roman
15/af683336-1f11-3a87-9a0a-ffc28c11c067,La Roseraie de Brigitte,park,CulturalSite;ParkAndGarden;PlaceOfInterest,"",""
15/b09b0a83-9053-3bf4-8f33-19ac28fcca99,Moulin de Lonlon,nature,CulturalSite;Mill;NaturalHeritage;PlaceOfInterest;TechnicalHeritage,"",""
15/b0b59d6e-847a-3390-b27b-45c92d91594c,Parc et jardins du château de Saint-Denis-sur-Loire,park,CulturalSite;ParkAndGarden;PlaceOfInterest,"",""
15/b2eb8778-f730-36b4-89fd-ccfece1c7d4a,Jardin de Cheverny,castle,Castle;CulturalSite;ParkAndGarden;PlaceOfInterest;RemarkableBuilding,"",Classique;Contemporain
15/b563869b-115e-39e6-b671-c3f98055b203,Maison de la Loire du Loir-et-Cher,museum,CulturalSite;InterpretationCentre;Museum;PlaceOfInterest;TechnicalHeritage,"",""
15/b73d442b-479f-3501-8b60-64a181d08165,La Pagode de Chanteloup,castle,Castle;CulturalSite;ParkAndGarden;PlaceOfInterest;RemarkableBuilding;Tower,"",""
15/b7968908-22d0-3cf4-af8c-28585e92bb84,Au relais des rois,bar,BistroOrWineBar;FoodEstablishment;PlaceOfInterest;Restaurant,"",""
15/b7d3ab6e-8a4a-3c3b-929e-d33192f8e041,Circuits-découverte P'tits Curieux à Vendôme,castle,Abbey;ArcheologicalSite;Castle;Chapel;Church;CityHeritage;Cloister;CulturalSite;PlaceOfInterest;ReligiousSite;RemarkableBuilding;Ruins,"",Gothique;Médiéval;Moderne;Renaissance;Roman
15/b95fac6e-643a-3d80-9983-d277838c2306,Les Hauts de Loire - le restaurant,bar,Accommodation;BistroOrWineBar;FoodEstablishment;Hotel;HotelRestaurant;HotelTrade;PlaceOfInterest;Restaurant,"",""
15/b9601ad8-bcba-313c-a27c-75cb54a82f9f,Le Cheval de Fer Blésois (association de modélisme ferroviaire),museum,CulturalSite;Museum;PlaceOfInterest,"",""
15/bd3a29d3-9cbc-3726-8c46-f5b279d0ef33,Musée Maurice Dufresne,museum,CulturalSite;IndustrialSite;Museum;NaturalHeritage;PlaceOfInterest;TechnicalHeritage,"",""
15/bd5d0469-58ac-316d-a3c1-7771d7fc8cb2,Musée-Hôtel Morin,museum,CulturalSite;IndustrialSite;Museum;PlaceOfInterest;RemembranceSite;TechnicalHeritage,"",""
15/bec123da-aced-3a47-9dc7-1c624615503c,Musée des Sapeurs pompiers du Loir-et-Cher,museum,CulturalSite;Museum;PlaceOfInterest;TechnicalHeritage,"",""
15/bfdbae0a-76cd-3b9c-9c76-f8377eccaf34,Muséum d'Histoire Naturelle,museum,CulturalSite;Museum;NaturalHeritage;PlaceOfInterest,"",""
15/c04b8159-344b-3d79-bde3-0bf49861433b,Carrière de tuffeau et ville souterraine,nature,CaveSinkholeOrAven;CulturalSite;NaturalHeritage;PlaceOfInterest,"",""
15/c119c8d5-38c3-3e8a-8a60-ce1b9fba4123,Sentier d'interprétation de l’Étang du Louroux,nature,NaturalHeritage;PlaceOfInterest,"",""
15/c3d85ca6-5909-3847-b97d-9927bda0d4e3,Église de Saint-Christophe,church,Church;CulturalSite;PlaceOfInterest;ReligiousSite,"",""
15/c3e58593-6c72-3e2f-9954-1ac4eed90ba2,La Cave se rebiffe,bar,BistroOrWineBar;FoodEstablishment;PlaceOfInterest;Restaurant,"",""
15/c5406ff1-0251-3b75-bd4b-d6880bf56535,Château de la Mézière,castle,Castle;CulturalSite;PlaceOfInterest;RemarkableBuilding,"",""
15/c5b3a2b7-c812-380b-a76c-b67a28da6606,Bar à vin Hôtel du Pont,bar,Accommodation;BistroOrWineBar;FoodEstablishment;Hotel;HotelRestaurant;HotelTrade;PlaceOfInterest;Restaurant,"",""
15/c6a85785-1468-3093-af90-d44ae8cff160,Bar Lounge Le Caravage,bar,BistroOrWineBar;FastFoodRestaurant;FoodEstablishment;PlaceOfInterest;Restaurant,"",""
15/c6ff46be-5ae3-3e76-a026-dac53f7133ab,"Centre de la Résistance, de la Déportation et de la Mémoire",museum,CulturalSite;Museum;PlaceOfInterest,"",""
15/c828e5e4-5295-3342-af8c-bdc8aa691cbc,Circuit des églises à fresques de la vallée du Loir,church,Chapel;Church;CulturalSite;PlaceOfInterest;ReligiousSite,"",Gothique;Roman
15/c832fed6-e3da-3a46-acd3-c064a1ec65e4,Moulin des Aigremonts,museum,CulturalSite;Mill;Museum;NaturalHeritage;PlaceOfInterest;TechnicalHeritage,"",Xixe siècle
15/c8c09891-cbe3-31ec-baf4-439b76e018d3,Arboretum de la Martinière,park,CulturalSite;ParkAndGarden;PlaceOfInterest,"",""
15/ca80ddca-5e1e-3965-8fe0-af6bc310bfa0,Pastorale du Tourisme,church,Church;CulturalSite;Museum;PlaceOfInterest;ReligiousSite,"",""
15/ced0838f-b42c-376e-8e46-c3bcf779ca86,Manoir seigneurial de Maré,park,Chapel;CulturalSite;ParkAndGarden;PlaceOfInterest;ReligiousSite,"",Gothique;Renaissance;Roman
15/cefba9aa-1fb4-31e2-acb3-3485493ce1a5,Site troglodytique de la Magnanerie,museum,CaveSinkholeOrAven;CulturalSite;Museum;NaturalHeritage;PlaceOfInterest,"",""
15/cf31a1cf-df36-3dbe-be27-66ce9201755b,Randocroquis,nature,NaturalHeritage;PlaceOfInterest,"",""
15/d8c54253-beb8-3901-b88d-34b14bfcc880,Maison natale de Ronsard,castle,Castle;CulturalSite;InterpretationCentre;ParkAndGarden;PlaceOfInterest;RemarkableBuilding,"",Contemporain;Gothique;Renaissance
15/db39a3f4-7ac9-3721-a8fc-6147636cf281,Jardin des Métamorphozes,park,CulturalSite;ParkAndGarden;PlaceOfInterest,"",""
15/dd22401d-7d86-377c-b0fa-1f31761377a6,Église Saint Martin - Pietà de Jean Fouquet,church,Church;CulturalSite;PlaceOfInterest;ReligiousSite,"",""
15/ddcb0ee2-608d-3e76-9212-0cb112d10fb4,Museum d'Histoire Naturelle,museum,CulturalSite;Museum;PlaceOfInterest,"",""
15/deac4368-ae1e-3f74-b26c-6b53084ae6f8,La Part Belle,bar,BistroOrWineBar;CafeOrTeahouse;FoodEstablishment;PlaceOfInterest;Restaurant,"",""
15/df4f0cc1-a49a-36c4-a0a5-12d9a7b773fa,Moulin d'Arrivay,nature,CulturalSite;Mill;NaturalHeritage;PlaceOfInterest;TechnicalHeritage,"",""
15/e406e4bb-412a-3c0d-9747-2d212d6cee70,Arboretum,park,CulturalSite;ParkAndGarden;PlaceOfInterest,"",""
15/e453f302-c5c1-3b0c-85c9-90c8b9f85faf,Château de Grillemont,castle,Castle;CulturalSite;ParkAndGarden;PlaceOfInterest;RemarkableBuilding,"",""
15/e4a13220-b35e-3698-9cec-b1d33308b69f,Musée Balzac - Château de Saché,museum,CulturalSite;Museum;ParkAndGarden;PlaceOfInterest,"",""
15/e58133c8-db68-3394-bbdc-f8a8e1a594f5,Le Pont-Levis,bar,BistroOrWineBar;BrasserieOrTavern;FastFoodRestaurant;FoodEstablishment;PlaceOfInterest;Restaurant,"",""
15/e6e97b0f-fb19-3074-bf09-b3fb762eac93,Château de Selles-sur-Cher,castle,Castle;CulturalSite;PlaceOfInterest;RemarkableBuilding,"",""
15/e7252a05-532b-3499-8edc-f6cd1cddc7e4,Château de Champchevrier,castle,Castle;CulturalSite;PlaceOfInterest;RemarkableBuilding,"",""
15/ea3a27b1-31b0-3b83-9b18-7039f5e8da8e,Mi faim mi raisin,bar,BistroOrWineBar;BrasserieOrTavern;FoodEstablishment;PlaceOfInterest;Restaurant,"",""
15/ea46d4bc-929d-3936-94b6-8e9e61b1c4d1,Eglise Saint-Mandé Saint-Jean,church,Church;CulturalSite;PlaceOfInterest;ReligiousSite,"",""
15/ec552c8b-6d79-312c-ad54-5ca5c5b18d24,Château de Villesavin,castle,Castle;CulturalSite;Museum;PlaceOfInterest;RemarkableBuilding,"",""
15/edd76ec7-2bcd-359b-a7f0-cd0d1ab7771e,Château de l'Islette,castle,Castle;CulturalSite;PlaceOfInterest;RemarkableBuilding,"",""
15/eddf428e-28af-3064-aa04-97def63996b7,Maison Jean Fouquet,museum,CulturalSite;Museum;PlaceOfInterest,"",""
15/eee5cca8-f97a-3820-887e-1851c958348e,Château de Tours,museum,CulturalSite;Museum;PlaceOfInterest,"",""
15/ef20b660-c42e-320f-ac11-08d78a6fc274,Le restaurant du Grand Hôtel Saint-Aignan,bar,Accommodation;BistroOrWineBar;FoodEstablishment;Hotel;HotelRestaurant;HotelTrade;PlaceOfInterest;Restaurant,"",""
15/f1c4f388-de9f-3911-aeda-a4d694771683,Ile de la Folie,nature,NaturalHeritage;PlaceOfInterest,"",""
15/f411c122-4e01-3c69-b38c-94cd3af98eeb,Collégiale Saint-Ours,church,Church;Collegiate;CulturalSite;ParkAndGarden;PlaceOfInterest;ReligiousSite,"",""
15/f5c9a4e9-0b4a-3c26-bf50-57c58a5aa56f,La Cave Des Rois,bar,BistroOrWineBar;FoodEstablishment;PlaceOfInterest,"",""
15/f6157983-9f40-32a2-bc3f-a8fd06d89ae1,Maison de la Magie Robert-Houdin,museum,CulturalSite;Museum;PlaceOfInterest,"",""
15/f6711c0c-6555-3230-bdd2-9807deb88226,Grotte pétrifiante,nature,CaveSinkholeOrAven;CulturalSite;NaturalHeritage;PlaceOfInterest,"",""
15/f691e21b-f570-3501-8283-313bce5468cd,Etang communal de Sougé,nature,NaturalHeritage;PlaceOfInterest,"",""
15/f76e1ba3-c61f-327a-9930-53d07818427f,Galerie Saint Antoine,museum,CulturalSite;Museum;PlaceOfInterest,"",""
15/f9ae8af8-62ab-3259-bb87-7661c7edc223,Le Prieuré du Louroux,church,Church;CulturalSite;PlaceOfInterest;ReligiousSite,"",Médiéval;Renaissance
15/faab4cc1-1995-31f9-ace6-1470ace195a9,Côté Bistro,bar,Accommodation;BistroOrWineBar;FoodEstablishment;Hotel;HotelRestaurant;HotelTrade;PlaceOfInterest;Restaurant,"",""
15/fb1b405f-e06c-381e-88ea-f04256ccf56c,Château de Chenonceau,castle,Castle;CulturalSite;Museum;ParkAndGarden;PlaceOfInterest;RemarkableBuilding,"",""
15/fb31382f-86c0-3e07-ab4e-9e83f7b508cf,Réserve Naturelle Nationale de Grand-Pierre et Vitain,nature,NaturalHeritage;PlaceOfInterest,"",""
15/fb7a20f6-f72c-3cad-af58-3d984bf2f4f3,Ruines du château de Lavardin,castle,ArcheologicalSite;Castle;CulturalSite;Museum;PlaceOfInterest;RemarkableBuilding;Ruins,"",""
15/fbaceed5-8eb3-3e90-bf4d-a577b9fc5397,Dagobert,bar,BistroOrWineBar;FoodEstablishment;PlaceOfInterest;Restaurant,"",""
15/fd90acbd-2cf7-3500-a9d5-ca146436eb8b,Ecomusée troglodytique,museum,CaveSinkholeOrAven;CulturalSite;Museum;NaturalHeritage;PlaceOfInterest,"",""
15/fe2c618c-09ea-3dc4-b7ec-96803ead907c,L'Epicerie Gourmande,bar,BistroOrWineBar;BrasserieOrTavern;CafeOrTeahouse;FoodEstablishment;PlaceOfInterest;Restaurant,"",""
15/ff8e7e2b-2e9f-3daa-81e1-667124395dfa,Cité royale de Loches,castle,Castle;Citadel;CulturalSite;DefenceSite;Dungeon;ParkAndGarden;PlaceOfInterest;RemarkableBuilding,"",""
15/ffa65f7d-9186-3271-a383-fd31c8a68eca,Jardin des Prébendes d'Oé,park,CulturalSite;ParkAndGarden;PlaceOfInterest,"",""
49/04ebb418-fb12-3583-ad96-58ccff86165d,EGLISE SAINT VINCENT,church,Church;CulturalSite;PlaceOfInterest;ReligiousSite,"",""
49/34eb3350-1fd8-384d-aefa-e78eea2ec126,EGLISE SAINT PIERRE SAINT PAUL,church,Church;CulturalSite;PlaceOfInterest;ReligiousSite,"",Roman
49/4883ca5c-f960-3f67-a142-2b6479ed3b28,JARDINS DU CHATEAU DE PONCE SUR LE LOIR,park,CulturalSite;ParkAndGarden;PlaceOfInterest,"",""
49/5ce6d456-95bb-388d-95a0-bfcbe80c030b,EGLISE SAINT MARTIN,church,Church;CulturalSite;PlaceOfInterest;ReligiousSite,"",""
49/61de6d75-1a5d-3d9f-b68f-3ac6e3febdce,EGLISE SAINT JEAN BAPTISTE,church,Church;CulturalSite;PlaceOfInterest;ReligiousSite,"",""
49/6f00d9ce-c34d-3350-9817-3d2ce26f98d6,EGLISE SAINT-JULIEN,church,Church;CulturalSite;PlaceOfInterest;ReligiousSite,"",""
49/709d9dd9-dfef-3c89-9645-29ff3e427810,ÉGLISE SAINT PIERRE ET SAINT JULIEN,church,Church;CulturalSite;PlaceOfInterest;ReligiousSite,"",""
49/85d52489-1184-3962-9457-b486cc11a806,EGLISE NOTRE-DAME,church,Church;CulturalSite;PlaceOfInterest;ReligiousSite,"",""
49/85fa8263-c1d9-3bc7-82b1-75bb0ea59e1b,CHÂTEAU DE COURTANVAUX,castle,Castle;Chapel;CulturalSite;PigeonLoft;PlaceOfInterest;ReligiousSite;RemarkableBuilding;TechnicalHeritage,"",Médiéval;Renaissance;Xixe siècle
49/92284de6-0854-3eb3-ae6d-1ab313a462de,EGLISE SAINT BLAISE XIIE ET XVIE,church,Church;CulturalSite;PlaceOfInterest;ReligiousSite,"",""
49/99e4495e-3859-3ee3-a62e-7b948a6ec8ef,EGLISE SAINT PIERRE ET SAINT PAUL,church,Church;CulturalSite;PlaceOfInterest;ReligiousSite,"",Renaissance
49/c4e9963d-a1d7-3eda-9841-59952fc44159,CHATEAU DE PONCE,castle,Castle;CulturalSite;PigeonLoft;PlaceOfInterest;RemarkableBuilding;TechnicalHeritage,"",Renaissance
49/f0ef4fad-a0de-30e3-9f08-a9200563e292,HORTUS CONCLUSUS DU PRIEURE DE VAUBOIN,park,CulturalSite;ParkAndGarden;PlaceOfInterest,"",""
49/f38cacee-fcb7-3d91-bb45-fd9f5f47c751,"PANORAMA ""MON IDEE""",nature,NaturalHeritage;PlaceOfInterest;PointOfView,"",""
